Collection,Code,Product Varitation,Product group,Design Variation,Species,Grade,Construction,Profile,Texture,Finish,Edge,Certification
AGED,PDQ026,Arley Random Width Plank,Arley,Random Width Planks,Aged French Oak,Rustic,2Ply Engineered,Tongue & Grooved & Ends Matched,Hand Polished Undulations,Burnished Hardwax Oil Satin,Hand Rolled Edges, UKTR Compliant
AGED,PDQCH05,Assier Chevron,Assier,Chevron   ,Aged French Oak,Rustic,2Ply Engineered,"Tongue & Grooved, Ends Loose Tongues","Skip Sawn, Scrubbed Knots & Undulating Texture",Burnished Hardwax Oil Satin,Soft Rolled Edges, UKTR Compliant
AGED,PDQ005,Assier Extra Wide Plank,Assier,Extra Wide Plank ,Aged French Oak,Rustic,2Ply Engineered,Tongue & Grooved & Ends Matched,"Skip Sawn, Scrubbed Knots & Undulating Texture",Burnished Hardwax Oil Satin,Soft Rolled Edges, UKTR Compliant
AGED,PDQB005,Assier Herringbone,Assier,Herringbone   ,Aged French Oak,Rustic,2Ply Engineered,Grooved 3 Sides,"Skip Sawn, Scrubbed Knots & Undulating Texture",Burnished Hardwax Oil Satin,Soft Rolled Edges, UKTR Compliant
AGED,PDQP005,Assier Parquet de Versailles ,Assier,Parquet De Versailles Panel,Aged French Oak,Rustic,2Ply Engineered,Tongue & Grooved & Ends Matched,"Skip Sawn, Scrubbed Knots & Undulating Texture",Burnished Hardwax Oil Satin,Soft Rolled Edges, UKTR Compliant
AGED,PDQ024,Baslow Random Width Plank,Baslow,Random Width Planks,Aged French Oak,Rustic,2Ply Engineered,Tongue & Grooved & Ends Matched,"Gently Worn, Skip Sawn, Scrubbed Knots",Organic Lacquer,Soft Rolled Edges, UKTR Compliant
AGED,PDQ025,Brantwood Random Width Plank,Brantwood,Random Width Planks,Aged French Oak,Rustic,2Ply Engineered,Tongue & Grooved & Ends Matched,"Smooth Sanded, Gentle Undulations ",Organic Oil Super Matt,Hand Rolled Edges, UKTR Compliant
AGED,PDQCH03,Champagney Chevron,Champagney,Chevron   ,Aged French Oak,Rustic,2Ply Engineered,"Tongue & Grooved, Ends Loose Tongues","Skip Sawn, Scrubbed Knots & Undulating Texture",Burnished Hardwax Oil Matt,Soft Rolled Edges, UKTR Compliant
AGED,PDQ003,Champagney Extra Wide Plank,Champagney,Extra Wide Plank ,Aged French Oak,Rustic,2Ply Engineered,Tongue & Grooved & Ends Matched,"Skip Sawn, Scrubbed Knots & Undulating Texture",Burnished Hardwax Oil Matt,Soft Rolled Edges, UKTR Compliant
AGED,PDQB003,Champagney Herringbone,Champagney,Herringbone   ,Aged French Oak,Rustic,2Ply Engineered,Grooved 3 Sides,"Skip Sawn, Scrubbed Knots & Undulating Texture",Burnished Hardwax Oil Matt,Soft Rolled Edges, UKTR Compliant
AGED,PDQP003,Champagney Parquet de Versailles ,Champagney,Parquet De Versailles Panel,Aged French Oak,Rustic,2Ply Engineered,Tongue & Grooved & Ends Matched,"Skip Sawn, Scrubbed Knots & Undulating Texture",Burnished Hardwax Oil Matt,Soft Rolled Edges, UKTR Compliant
AGED,PDQCH07,Chevry Chevron,Chevry,Chevron   ,Aged French Oak,Rustic,2Ply Engineered,Grooved 3 Sides,"Skip Sawn, Scrubbed Knots & Undulating Texture",Naked Skin Lacquer Super Matt,Soft Rolled Edges, UKTR Compliant
AGED,PDQ007,Chevry Extra Wide Plank,Chevry,Extra Wide Plank ,Aged French Oak,Rustic,2Ply Engineered,Tongue & Grooved & Ends Matched,"Skip Sawn, Scrubbed Knots & Undulating Texture",Naked Skin Lacquer Super Matt,Soft Rolled Edges, UKTR Compliant
AGED,PDQB007,Chevry Herringbone,Chevry,Herringbone   ,Aged French Oak,Rustic,2Ply Engineered,Grooved 3 Sides,"Skip Sawn, Scrubbed Knots & Undulating Texture",Naked Skin Lacquer Super Matt,Soft Rolled Edges, UKTR Compliant
AGED,PDQCH04,Lauzes Chevron,Lauzes,Chevron   ,Aged French Oak,Rustic,2Ply Engineered,Grooved 3 Sides,"Skip Sawn, Scrubbed Knots & Undulating Texture",Burnished Hardwax Oil Matt,Soft Rolled Edges, UKTR Compliant
AGED,PDQ004,Lauzes Extra Wide Plank,Lauzes,Extra Wide Plank ,Aged French Oak,Rustic,2Ply Engineered,Grooved 3 Sides,"Skip Sawn, Scrubbed Knots & Undulating Texture",Burnished Hardwax Oil Matt,Soft Rolled Edges, UKTR Compliant
AGED,PDQB004,Lauzes Herringbone,Lauzes,Herringbone   ,Aged French Oak,Rustic,2Ply Engineered,Grooved 3 Sides,"Skip Sawn, Scrubbed Knots & Undulating Texture",Burnished Hardwax Oil Matt,Soft Rolled Edges, UKTR Compliant
AGED,PDQP004,Lauzes Parquet de Versailles ,Lauzes,Parquet De Versailles Panel,Aged French Oak,Rustic,2Ply Engineered,Tongue & Grooved & Ends Matched,"Skip Sawn, Scrubbed Knots & Undulating Texture",Burnished Hardwax Oil Matt,Soft Rolled Edges, UKTR Compliant
AGED,PDQ023,Mauroux Extra Wide Plank,Mauroux,Extra Wide Plank,Aged French Oak,Rustic,2Ply Engineered,Tongue & Grooved & Ends Matched,"Skip Sawn, Scrubbed Knots & Undulating Texture",Organic Oil Super Matt,Soft Rolled Edges, UKTR Compliant
AGED,PDQCH02,Miellin Chevron,Miellin,Chevron   ,Aged French Oak,Rustic,2Ply Engineered,"Tongue & Grooved, Ends Loose Tongues","Skip Sawn, Scrubbed Knots & Undulating Texture",Burnished Hardwax Oil Matt,Soft Rolled Edges, UKTR Compliant
AGED,PDQ002,Miellin Extra Wide Plank,Miellin,Extra Wide Plank ,Aged French Oak,Rustic,2Ply Engineered,Tongue & Grooved & Ends Matched,"Skip Sawn, Scrubbed Knots & Undulating Texture",Burnished Hardwax Oil Matt,Soft Rolled Edges, UKTR Compliant
AGED,PDQB002,Miellin Herringbone,Miellin,Herringbone   ,Aged French Oak,Rustic,2Ply Engineered,Grooved 3 Sides,"Skip Sawn, Scrubbed Knots & Undulating Texture",Burnished Hardwax Oil Matt,Soft Rolled Edges, UKTR Compliant
AGED,PDQP002,Miellin Parquet de Versailles ,Miellin,Parquet De Versailles Panel,Aged French Oak,Rustic,2Ply Engineered,Tongue & Grooved & Ends Matched,"Skip Sawn, Scrubbed Knots & Undulating Texture",Burnished Hardwax Oil Matt,Soft Rolled Edges, UKTR Compliant
AGED,PDQCH06,Quissac Chevron,Quissac,Chevron   ,Aged French Oak,Rustic,2Ply Engineered,"Tongue & Grooved, Ends Loose Tongues","Skip Sawn, Scrubbed Knots & Undulating Texture",Burnished Hardwax Oil Satin,Soft Rolled Edges, UKTR Compliant
AGED,PDQ006,Quissac Extra Wide Plank,Quissac,Extra Wide Plank ,Aged French Oak,Rustic,2Ply Engineered,Tongue & Grooved & Ends Matched,"Skip Sawn, Scrubbed Knots & Undulating Texture",Burnished Hardwax Oil Satin,Soft Rolled Edges, UKTR Compliant
AGED,PDQB006,Quissac Herringbone,Quissac,Herringbone   ,Aged French Oak,Rustic,2Ply Engineered,Grooved 3 Sides,"Skip Sawn, Scrubbed Knots & Undulating Texture",Burnished Hardwax Oil Satin,Soft Rolled Edges, UKTR Compliant
AGED,PDQP006,Quissac Parquet de Versailles ,Quissac,Parquet De Versailles Panel,Aged French Oak,Rustic,2Ply Engineered,Tongue & Grooved & Ends Matched,"Skip Sawn, Scrubbed Knots & Undulating Texture",Burnished Hardwax Oil Satin,Soft Rolled Edges, UKTR Compliant
AGED,PDQ021,Rouby Extra Wide Plank,Rouby,Extra Wide Plank ,Aged French Oak,Rustic,2Ply Engineered,Tongue & Grooved & Ends Matched,"Skip Sawn, Scrubbed Knots & Undulating Texture",Naked Skin Lacquer Super Matt,Soft Rolled Edges, UKTR Compliant
AGED,PDQCH01,Velentre Chevron,Velentre,Chevron   ,Aged French Oak,Rustic,2Ply Engineered,"Tongue & Grooved, Ends Loose Tongues","Skip Sawn, Scrubbed Knots & Undulating Texture",Burnished Hardwax Oil Satin,Soft Rolled Edges, UKTR Compliant
AGED,PDQ001,Velentre Extra Wide Plank,Velentre,Extra Wide Plank ,Aged French Oak,Rustic,2Ply Engineered,Tongue & Grooved & Ends Matched,"Skip Sawn, Scrubbed Knots & Undulating Texture",Burnished Hardwax Oil Satin,Soft Rolled Edges, UKTR Compliant
AGED,PDQB001,Velentre Herringbone,Velentre,Herringbone   ,Aged French Oak,Rustic,2Ply Engineered,Grooved 3 Sides,"Skip Sawn, Scrubbed Knots & Undulating Texture",Burnished Hardwax Oil Satin,Soft Rolled Edges, UKTR Compliant
AGED,PDQP001,Velentre Parquet de Versailles,Velentre,Parquet De Versailles Panel,Aged French Oak,Rustic,2Ply Engineered,Tongue & Grooved & Ends Matched,"Skip Sawn, Scrubbed Knots & Undulating Texture",Burnished Hardwax Oil Satin,Soft Rolled Edges, UKTR Compliant
AGED,PDQCH08,Villes Chevron,Villes,Chevron   ,Aged French Oak,Rustic,2Ply Engineered,"Tongue & Grooved, Ends Loose Tongues","Skip Sawn, Scrubbed Knots & Undulating Texture",Naked Skin Lacquer Super Matt,Soft Rolled Edges, UKTR Compliant
AGED,PDQ008,Villes Extra Wide Plank,Villes,Extra Wide Plank ,Aged French Oak,Rustic,2Ply Engineered,Tongue & Grooved & Ends Matched,"Skip Sawn, Scrubbed Knots & Undulating Texture",Naked Skin Lacquer Super Matt,Soft Rolled Edges, UKTR Compliant
AGED,PDQB008,Villes Herringbone,Villes,Herringbone   ,Aged French Oak,Rustic,2Ply Engineered,Grooved 3 Sides,"Skip Sawn, Scrubbed Knots & Undulating Texture",Naked Skin Lacquer Super Matt,Soft Rolled Edges, UKTR Compliant
AGED,PDQ030,Charente Extra Wide Plank,Charente,Extra Wide Plank ,Aged French Oak,Barn,2Ply Engineered,Tongue & Grooved & Ends Matched,Hand Polished Undulations,Burnished Hardwax Oil Matt,Hand Rolled Edges, UKTR Compliant
ANTIQUE,Antiq005,Babington Chevron,Babington,Chevron   ,Antique French Oak,Genuine Antique Sourced,2Ply Engineered,Tongue & Grooved & Ends Matched,"Original Patina, Hand Polished Undulations ",Burnished Hardwax Oil Satin,Hand Rolled Edges, UKTR Compliant
ANTIQUE,Antiq047,Babington Diagonal 8 Tile Parquet De Versailles,Babington,Diagonal 8 Tile Parquet De Versailles Panel,Antique French Oak,Genuine Antique Sourced,2Ply Engineered,Grooved 4 Sides (supplied with Loose Tongues),"Original Patina, Hand Polished Undulations ",Burnished Hardwax Oil Satin,Hand Rolled Edges, UKTR Compliant
ANTIQUE,Antiq004,Babington Narrow Herringbone,Babington,Narrow Herringbone  ,Antique French Oak,Genuine Antique Sourced,2Ply Engineered,Grooved 3 Sides,"Original Patina, Hand Polished Undulations ",Burnished Hardwax Oil Satin,Hand Rolled Edges, UKTR Compliant
ANTIQUE,Antiq048,Babington Parquet De Chantilly,Babington,Parquet De Chantilly Panel   ,Antique French Oak,Genuine Antique Sourced,2Ply Engineered,Grooved 4 Sides (supplied with Loose Tongues),"Original Patina, Hand Polished Undulations ",Burnished Hardwax Oil Satin,Hand Rolled Edges, UKTR Compliant
ANTIQUE,Antiq046,Babington Parquet De Chevney,Babington,Parquet De Chevney Panel   ,Antique French Oak,Genuine Antique Sourced,2Ply Engineered,Grooved 4 Sides (supplied with Loose Tongues),"Original Patina, Hand Polished Undulations ",Burnished Hardwax Oil Satin,Hand Rolled Edges, UKTR Compliant
ANTIQUE,Antiq006,Babington Parquet De Versailles,Babington,Parquet De Versailles Panel   ,Antique French Oak,Genuine Antique Sourced,2Ply Engineered,Grooved 4 Sides (supplied with Loose Tongues),"Original Patina, Hand Polished Undulations ",Burnished Hardwax Oil Satin,Hand Rolled Edges, UKTR Compliant
ANTIQUE,Grand011,Babington Random Width Plank,Babington,Random Width Planks,Antique French Oak,Genuine Antique Sourced,2Ply Engineered,Tongue & Grooved & Ends Matched,"Original Patina, Hand Polished Undulations ",Burnished Hardwax Oil Satin,Hand Rolled Edges, UKTR Compliant
ANTIQUE,Antiq060,Dampier Chevron,Dampier,Chevron   ,Antique French Oak,Genuine Antique Sourced,2Ply Engineered,Tongue & Grooved & Ends Matched,"Original Patina, Hand Polished Undulations ",Naked Skin Lacquer Super Matt,Hand Rolled Edges, UKTR Compliant
ANTIQUE,Antiq056,Dampier Diagonal 8 Tile Parquet De Versailles,Dampier,Diagonal 8 Tile Parquet De Versailles Panel,Antique French Oak,Genuine Antique Sourced,2Ply Engineered,Grooved 4 Sides (supplied with Loose Tongues),"Original Patina, Hand Polished Undulations ",Naked Skin Lacquer Super Matt,Hand Rolled Edges, UKTR Compliant
ANTIQUE,Antiq059,Dampier Narrow Herringbone,Dampier,Narrow Herringbone  ,Antique French Oak,Genuine Antique Sourced,2Ply Engineered,Grooved 3 Sides,"Original Patina, Hand Polished Undulations ",Naked Skin Lacquer Super Matt,Hand Rolled Edges, UKTR Compliant
ANTIQUE,Antiq057,Dampier Parquet De Chantilly,Dampier,Parquet De Chantilly Panel   ,Antique French Oak,Genuine Antique Sourced,2Ply Engineered,Grooved 4 Sides (supplied with Loose Tongues),"Original Patina, Hand Polished Undulations ",Naked Skin Lacquer Super Matt,Hand Rolled Edges, UKTR Compliant
ANTIQUE,Antiq055,Dampier Parquet De Chevney,Dampier,Parquet De Chevney Panel   ,Antique French Oak,Genuine Antique Sourced,2Ply Engineered,Grooved 4 Sides (supplied with Loose Tongues),"Original Patina, Hand Polished Undulations ",Naked Skin Lacquer Super Matt,Hand Rolled Edges, UKTR Compliant
ANTIQUE,Antiq061,Dampier Parquet De Versailles,Dampier,Parquet De Versailles Panel   ,Antique French Oak,Genuine Antique Sourced,2Ply Engineered,Grooved 4 Sides (supplied with Loose Tongues),"Original Patina, Hand Polished Undulations ",Naked Skin Lacquer Super Matt,Hand Rolled Edges, UKTR Compliant
ANTIQUE,Antiq058,Dampier Random Width Plank,Dampier,Random Width Planks,Antique French Oak,Genuine Antique Sourced,2Ply Engineered,Tongue & Grooved & Ends Matched,"Original Patina, Hand Polished Undulations ",Naked Skin Lacquer Super Matt,Hand Rolled Edges, UKTR Compliant
ANTIQUE,Antiq058W,Dampier Random Width Plank,Dampier,Random Width Planks,Antique French Oak,Genuine Antique Sourced,2Ply Engineered,Tongue & Grooved & Ends Matched,"Original Patina, Hand Polished Undulations ",Naked Skin Lacquer Super Matt,Hand Rolled Edges, UKTR Compliant
ANTIQUE,Antiq020,Fortnum Chevron,Fortnum,Chevron   ,Antique French Oak,Genuine Antique Sourced,2Ply Engineered,Tongue & Grooved & Ends Matched,"Original Patina, Hand Polished Undulations ",Burnished Hardwax Oil Satin,Hand Rolled Edges, UKTR Compliant
ANTIQUE,Antiq039,Fortnum Diagonal 8 Tile Parquet De Versailles,Fortnum,Diagonal 8 Tile Parquet De Versailles Panel,Antique French Oak,Genuine Antique Sourced,2Ply Engineered,Grooved 4 Sides (supplied with Loose Tongues),"Original Patina, Hand Polished Undulations ",Burnished Hardwax Oil Satin,Hand Rolled Edges, UKTR Compliant
ANTIQUE,Antiq019,Fortnum Narrow Herringbone,Fortnum,Narrow Herringbone  ,Antique French Oak,Genuine Antique Sourced,2Ply Engineered,Grooved 3 Sides,"Original Patina, Hand Polished Undulations ",Burnished Hardwax Oil Satin,Hand Rolled Edges, UKTR Compliant
ANTIQUE,Antiq040,Fortnum Parquet De Chantilly,Fortnum,Parquet De Chantilly Panel   ,Antique French Oak,Genuine Antique Sourced,2Ply Engineered,Grooved 4 Sides (supplied with Loose Tongues),"Original Patina, Hand Polished Undulations ",Burnished Hardwax Oil Satin,Hand Rolled Edges, UKTR Compliant
ANTIQUE,Antiq038,Fortnum Parquet De Chevney,Fortnum,Parquet De Chevney Panel   ,Antique French Oak,Genuine Antique Sourced,2Ply Engineered,Grooved 4 Sides (supplied with Loose Tongues),"Original Patina, Hand Polished Undulations ",Burnished Hardwax Oil Satin,Hand Rolled Edges, UKTR Compliant
ANTIQUE,Grand001,Fortnum Parquet De Versailles,Fortnum,Parquet De Versailles Panel   ,Antique French Oak,Genuine Antique Sourced,2Ply Engineered,Grooved 4 Sides (supplied with Loose Tongues),"Original Patina, Hand Polished Undulations ",Burnished Hardwax Oil Satin,Hand Rolled Edges, UKTR Compliant
ANTIQUE,Antiq018W,Fortnum Random Width Plank,Fortnum,Random Width Planks,Antique French Oak,Genuine Antique Sourced,2Ply Engineered,Tongue & Grooved & Ends Matched,"Original Patina, Hand Polished Undulations ",Burnished Hardwax Oil Satin,Hand Rolled Edges, UKTR Compliant
ANTIQUE,Antiq018,Fortnum Random Width Plank,Fortnum,Random Width Planks,Antique French Oak,Genuine Antique Sourced,2Ply Engineered,Tongue & Grooved & Ends Matched,"Original Patina, Hand Polished Undulations ",Burnished Hardwax Oil Satin,Hand Rolled Edges, UKTR Compliant
ANTIQUE,Antiq026,Franklin Chevron,Franklin,Chevron   ,Antique French Oak,Genuine Antique Sourced,2Ply Engineered,Tongue & Grooved & Ends Matched,"Original Patina, Hand Polished Undulations ",Naked Skin Lacquer Super Matt,Hand Rolled Edges, UKTR Compliant
ANTIQUE,Antiq044,Franklin Diagonal 8 Tile Parquet De Versailles,Franklin,Diagonal 8 Tile Parquet De Versailles Panel,Antique French Oak,Genuine Antique Sourced,2Ply Engineered,Grooved 4 Sides (supplied with Loose Tongues),"Original Patina, Hand Polished Undulations ",Naked Skin Lacquer Super Matt,Hand Rolled Edges, UKTR Compliant
ANTIQUE,Antiq025,Franklin Narrow Herringbone,Franklin,Narrow Herringbone  ,Antique French Oak,Genuine Antique Sourced,2Ply Engineered,Grooved 3 Sides,"Original Patina, Hand Polished Undulations ",Naked Skin Lacquer Super Matt,Hand Rolled Edges, UKTR Compliant
ANTIQUE,Antiq045,Franklin Parquet De Chantilly,Franklin,Parquet De Chantilly Panel   ,Antique French Oak,Genuine Antique Sourced,2Ply Engineered,Grooved 4 Sides (supplied with Loose Tongues),"Original Patina, Hand Polished Undulations ",Naked Skin Lacquer Super Matt,Hand Rolled Edges, UKTR Compliant
ANTIQUE,Antiq043,Franklin Parquet De Chevney,Franklin,Parquet De Chevney Panel   ,Antique French Oak,Genuine Antique Sourced,2Ply Engineered,Grooved 4 Sides (supplied with Loose Tongues),"Original Patina, Hand Polished Undulations ",Naked Skin Lacquer Super Matt,Hand Rolled Edges, UKTR Compliant
ANTIQUE,Antiq027,Franklin Parquet De Versailles,Franklin,Parquet De Versailles Panel   ,Antique French Oak,Genuine Antique Sourced,2Ply Engineered,Grooved 4 Sides (supplied with Loose Tongues),"Original Patina, Hand Polished Undulations ",Naked Skin Lacquer Super Matt,Hand Rolled Edges, UKTR Compliant
ANTIQUE,Antiq024,Franklin Random Width Plank,Franklin,Random Width Planks,Antique French Oak,Genuine Antique Sourced,2Ply Engineered,Tongue & Grooved & Ends Matched,"Original Patina, Hand Polished Undulations ",Naked Skin Lacquer Super Matt,Hand Rolled Edges, UKTR Compliant
ANTIQUE,Antiq024W,Franklin Random Width Plank,Franklin,Random Width Planks,Antique French Oak,Genuine Antique Sourced,2Ply Engineered,Tongue & Grooved & Ends Matched,"Original Patina, Hand Polished Undulations ",Naked Skin Lacquer Super Matt,Hand Rolled Edges, UKTR Compliant
ANTIQUE,Antiq008,Layton Chevron,Layton,Chevron   ,Antique French Oak,Genuine Antique Sourced,2Ply Engineered,Tongue & Grooved & Ends Matched,"Original Patina, Hand Polished Undulations ",Burnished Hardwax Oil Matt,Hand Rolled Edges, UKTR Compliant
ANTIQUE,Antiq050,Layton Diagonal 8 Tile Parquet De Versailles,Layton,Diagonal 8 Tile Parquet De Versailles Panel,Antique French Oak,Genuine Antique Sourced,2Ply Engineered,Grooved 4 Sides (supplied with Loose Tongues),"Original Patina, Hand Polished Undulations ",Burnished Hardwax Oil Matt,Hand Rolled Edges, UKTR Compliant
ANTIQUE,Antiq007,Layton Narrow Herringbone,Layton,Narrow Herringbone  ,Antique French Oak,Genuine Antique Sourced,2Ply Engineered,Grooved 3 Sides,"Original Patina, Hand Polished Undulations ",Burnished Hardwax Oil Matt,Hand Rolled Edges, UKTR Compliant
ANTIQUE,Antiq051,Layton Parquet De Chantilly,Layton,Parquet De Chantilly Panel   ,Antique French Oak,Genuine Antique Sourced,2Ply Engineered,Grooved 4 Sides (supplied with Loose Tongues),"Original Patina, Hand Polished Undulations ",Burnished Hardwax Oil Matt,Hand Rolled Edges, UKTR Compliant
ANTIQUE,Antiq049,Layton Parquet De Chevney,Layton,Parquet De Chevney Panel   ,Antique French Oak,Genuine Antique Sourced,2Ply Engineered,Grooved 4 Sides (supplied with Loose Tongues),"Original Patina, Hand Polished Undulations ",Burnished Hardwax Oil Matt,Hand Rolled Edges, UKTR Compliant
ANTIQUE,Antiq009,Layton Parquet De Versailles,Layton,Parquet De Versailles Panel   ,Antique French Oak,Genuine Antique Sourced,2Ply Engineered,Grooved 4 Sides (supplied with Loose Tongues),"Original Patina, Hand Polished Undulations ",Burnished Hardwax Oil Matt,Hand Rolled Edges, UKTR Compliant
ANTIQUE,Grand010,Layton Random Width Plank,Layton,Random Width Planks,Antique French Oak,Genuine Antique Sourced,2Ply Engineered,Tongue & Grooved & Ends Matched,"Original Patina, Hand Polished Undulations ",Burnished Hardwax Oil Matt,Hand Rolled Edges, UKTR Compliant
ANTIQUE,Grand010W,Layton Random Width Plank,Layton,Random Width Planks,Antique French Oak,Genuine Antique Sourced,2Ply Engineered,Tongue & Grooved & Ends Matched,"Original Patina, Hand Polished Undulations ",Burnished Hardwax Oil Matt,Hand Rolled Edges, UKTR Compliant
ANTIQUE,Antiq066,Livingstone Random Width Plank,Livingstone,Random Width Planks,Antique French Oak,Genuine Antique Sourced,2Ply Engineered,Tongue & Grooved & Ends Matched,Hand Polished Undulations,Burnished Hardwax Oil Matt,Hand Rolled Edges, UKTR Compliant
ANTIQUE,Antiq066W,Livingstone Random Width Plank,Livingstone,Random Width Planks,Antique French Oak,Genuine Antique Sourced,2Ply Engineered,Tongue & Grooved & Ends Matched,Hand Polished Undulations,Burnished Hardwax Oil Matt,Hand Rolled Edges, UKTR Compliant
ANTIQUE,Antiq011,Macaulay Chevron,Macaulay,Chevron   ,Antique French Oak,Genuine Antique Sourced,2Ply Engineered,Tongue & Grooved & Ends Matched,"Original Patina, Hand Polished Undulations ",Burnished Hardwax Oil Satin,Hand Rolled Edges, UKTR Compliant
ANTIQUE,Antiq053,Macaulay Diagonal 8 Tile Parquet De Versailles,Macaulay,Diagonal 8 Tile Parquet De Versailles Panel,Antique French Oak,Genuine Antique Sourced,2Ply Engineered,Grooved 4 Sides (supplied with Loose Tongues),"Original Patina, Hand Polished Undulations ",Burnished Hardwax Oil Satin,Hand Rolled Edges, UKTR Compliant
ANTIQUE,Antiq010,Macaulay Narrow Herringbone,Macaulay,Narrow Herringbone  ,Antique French Oak,Genuine Antique Sourced,2Ply Engineered,Grooved 3 Sides,"Original Patina, Hand Polished Undulations ",Burnished Hardwax Oil Satin,Hand Rolled Edges, UKTR Compliant
ANTIQUE,Antiq054,Macaulay Parquet De Chantilly,Macaulay,Parquet De Chantilly Panel   ,Antique French Oak,Genuine Antique Sourced,2Ply Engineered,Grooved 4 Sides (supplied with Loose Tongues),"Original Patina, Hand Polished Undulations ",Burnished Hardwax Oil Satin,Hand Rolled Edges, UKTR Compliant
ANTIQUE,Antiq052,Macaulay Parquet De Chevney,Macaulay,Parquet De Chevney Panel   ,Antique French Oak,Genuine Antique Sourced,2Ply Engineered,Grooved 4 Sides (supplied with Loose Tongues),"Original Patina, Hand Polished Undulations ",Burnished Hardwax Oil Satin,Hand Rolled Edges, UKTR Compliant
ANTIQUE,Antiq012,Macaulay Parquet De Versailles,Macaulay,Parquet De Versailles Panel   ,Antique French Oak,Genuine Antique Sourced,2Ply Engineered,Grooved 4 Sides (supplied with Loose Tongues),"Original Patina, Hand Polished Undulations ",Burnished Hardwax Oil Satin,Hand Rolled Edges, UKTR Compliant
ANTIQUE,Grand012,Macaulay Random Width Plank,Macaulay,Random Width Planks,Antique French Oak,Genuine Antique Sourced,2Ply Engineered,Tongue & Grooved & Ends Matched,"Original Patina, Hand Polished Undulations ",Burnished Hardwax Oil Satin,Hand Rolled Edges, UKTR Compliant
ANTIQUE,Grand012W,Macaulay Random Width Plank,Macaulay,Random Width Planks,Antique French Oak,Genuine Antique Sourced,2Ply Engineered,Tongue & Grooved & Ends Matched,"Original Patina, Hand Polished Undulations ",Burnished Hardwax Oil Satin,Hand Rolled Edges, UKTR Compliant
ANTIQUE,Antiq063,Mayer Chequerboard,Mayer,Chequerboard Panel   ,Antique Elm ,Genuine Antique Sourced,2Ply Engineered,Tongue & Grooved ,"Original Patina, Hand Polished Undulations",Burnished Hardwax Oil Satin,Hand Rolled Edges, UKTR Compliant
ANTIQUE,Grand015,Mayer Continuous Weave,Mayer,Pattern   ,Antique Elm ,Genuine Antique Sourced,2Ply Engineered,Tongue & Grooved & Ends Matched,"Original Patina, Hand Polished Undulations",Burnished Hardwax Oil Satin,Hand Rolled Edges, UKTR Compliant
ANTIQUE,Antiq065,Mayer Fingerblock,Mayer,Fingerblock Panel   ,Antique Elm ,Genuine Antique Sourced,2Ply Engineered,Tongue & Grooved ,"Original Patina, Hand Polished Undulations",Burnished Hardwax Oil Satin,Hand Rolled Edges, UKTR Compliant
ANTIQUE,Antiq064,Mayer Parquet De ArDeche,Mayer,Parquet De ArDeche Panel   ,Antique Elm ,Genuine Antique Sourced,2Ply Engineered,Tongue & Grooved ,"Original Patina, Hand Polished Undulations",Burnished Hardwax Oil Satin,Hand Rolled Edges, UKTR Compliant
ANTIQUE,Antiq062,Mayer Parquet De Versailles,Mayer,Parquet De Versailles Panel   ,Antique Elm ,Genuine Antique Sourced,2Ply Engineered,Tongue & Grooved ,"Original Patina, Hand Polished Undulations",Burnished Hardwax Oil Satin,Hand Rolled Edges, UKTR Compliant
ANTIQUE,Grand003,Mayer Random Width Plank,Mayer,Random Width Planks,Antique Elm ,Genuine Antique Sourced,2Ply Engineered,Tongue & Grooved & Ends Matched,"Original Patina, Hand Polished Undulations",Burnished Hardwax Oil Satin,Hand Rolled Edges, UKTR Compliant
ANTIQUE,Grand003W,Mayer Random Width Plank,Mayer,Random Width Planks,Antique Elm ,Genuine Antique Sourced,2Ply Engineered,Tongue & Grooved & Ends Matched,"Original Patina, Hand Polished Undulations",Burnished Hardwax Oil Satin,Hand Rolled Edges, UKTR Compliant
ANTIQUE,Antiq070,Merrain Random Width Plank,Merrain,Random Width Planks,Reclaimed Oak,Genuine Reclaimed Sourced,Solid,Square Edge,Original Patina,Original Polished Patina,Hand Rolled Edges, UKTR Compliant
ANTIQUE,Antiq014,Ruskin Chevron,Ruskin,Chevron   ,Antique French Oak,Genuine Antique Sourced,2Ply Engineered,Tongue & Grooved & Ends Matched,"Original Patina, Hand Polished Undulations ",Burnished Hardwax Oil Satin,Hand Rolled Edges, UKTR Compliant
ANTIQUE,Antiq042,Ruskin Diagonal 8 Tile Parquet De Versailles,Ruskin,Diagonal 8 Tile Parquet De Versailles Panel,Antique French Oak,Genuine Antique Sourced,2Ply Engineered,Grooved 4 Sides (supplied with Loose Tongues),"Original Patina, Hand Polished Undulations ",Burnished Hardwax Oil Satin,Hand Rolled Edges, UKTR Compliant
ANTIQUE,Antiq013,Ruskin Narrow Herringbone,Ruskin,Narrow Herringbone  ,Antique French Oak,Genuine Antique Sourced,2Ply Engineered,Grooved 3 Sides,"Original Patina, Hand Polished Undulations ",Burnished Hardwax Oil Satin,Hand Rolled Edges, UKTR Compliant
ANTIQUE,Grand020,Ruskin Parquet De Chantilly,Ruskin,Parquet De Chantilly Panel   ,Antique French Oak,Genuine Antique Sourced,2Ply Engineered,Grooved 4 Sides (supplied with Loose Tongues),"Original Patina, Hand Polished Undulations ",Burnished Hardwax Oil Satin,Hand Rolled Edges, UKTR Compliant
ANTIQUE,Antiq041,Ruskin Parquet De Chevney,Ruskin,Parquet De Chevney Panel   ,Antique French Oak,Genuine Antique Sourced,2Ply Engineered,Grooved 4 Sides (supplied with Loose Tongues),"Original Patina, Hand Polished Undulations ",Burnished Hardwax Oil Satin,Hand Rolled Edges, UKTR Compliant
ANTIQUE,Grand002,Ruskin Parquet De Versailles,Ruskin,Parquet De Versailles Panel   ,Antique French Oak,Genuine Antique Sourced,2Ply Engineered,Grooved 4 Sides (supplied with Loose Tongues),"Original Patina, Hand Polished Undulations ",Burnished Hardwax Oil Satin,Hand Rolled Edges, UKTR Compliant
ANTIQUE,Grand005,Ruskin Random Width Plank,Ruskin,Random Width Planks,Antique French Oak,Genuine Antique Sourced,2Ply Engineered,Tongue & Grooved & Ends Matched,"Original Patina, Hand Polished Undulations ",Burnished Hardwax Oil Satin,Hand Rolled Edges, UKTR Compliant
ANTIQUE,Grand005W,Ruskin Random Width Plank,Ruskin,Random Width Planks,Antique French Oak,Genuine Antique Sourced,2Ply Engineered,Tongue & Grooved & Ends Matched,"Original Patina, Hand Polished Undulations ",Burnished Hardwax Oil Satin,Hand Rolled Edges, UKTR Compliant
ANTIQUE,Grand007,Charlotte Parquet De Versailles,Charlotte,Parquet De Versailles Panel   ,Antique Oak,Genuine Antique Sourced,2Ply Engineered,Grooved 4 Sides (supplied with Loose Tongues),"Original Patina, Hand Polished Undulations",Naked Skin Lacquer,Hand Rolled Edges, UKTR Compliant
BOLD SURFACES,ORG005,Bodega ,Bodega,Extra Wide Plank ,Reclaimed Oak,Genuine Reclaimed Sourced,2Ply Engineered,Tongue & Grooved & Ends Matched,Smooth,Natural Oil,Square Shoulder, UKTR Compliant
BOLD SURFACES,ORG029,Capitol,Capitol,Random Width Planks   ,Pine,Genuine Reclaimed Sourced,Solid,Square Edge,Heavy Brushed,Air Dried Restoration Oil Matt,Hand Rolled Edges, UKTR Compliant
BOLD SURFACES,ORG006,Ceruse ,Ceruse,Random Width Planks   ,Reclaimed Oak,Genuine Reclaimed Sourced,Solid,Square Edge,Skip Sawn ,Hand Painted,Hand Rolled Edges, UKTR Compliant
BOLD SURFACES,BOLD004,Claremont ,Claremont,Narrow Plank  ,European Oak,Nature ,Solid,Square Edge,Worn Skip Sawn ,Naked Skin Lacquer Super Matt,Hand Rolled Edges, UKTR Compliant
BOLD SURFACES,ORG032,Empire ,Empire,Random Width Planks   ,Pine,Genuine Reclaimed Sourced,Solid,Square Edge,Heavy Brushed,Burnished Hardwax Oil Matt,Hand Rolled Edges, UKTR Compliant
BOLD SURFACES,ORG008,Eternity ,Eternity,Random Width Planks   ,Pine,Genuine Reclaimed Sourced,Solid,Square Edge,"Open Nail Holes, Soft Sanded ",Original Polished Patina,Hand Rolled Edges, UKTR Compliant
BOLD SURFACES,BOLD006,Fable,Fable,Extra Wide Plank   ,European Oak,Nature ,2Ply Engineered,Tongue & Grooved & Ends Matched,Raked,Naked Skin Lacquer Super Matt,Hand Rolled Edges, FSC® Mix Credit
BOLD SURFACES,ORG036,Fontaine,Fontaine,Narrow Plank  ,European Oak,Nature ,Solid,Square Edge,Skip Sawn,Burnished Hardwax Oil Matt,Hand Rolled Edges, FSC® Mix Credit
BOLD SURFACES,ORG007,Hip,Hip,Random Width Planks   ,Pine,Genuine Reclaimed Sourced,Solid,Square Edge,Distressed,Hand Painted,Hand Rolled Edges, UKTR Compliant
BOLD SURFACES,ORG037,Minette ,Minette,Narrow Plank  ,European Oak,Nature,Solid,Square Edge,Skip Sawn,Burnished Hardwax Oil Matt,Hand Rolled Edges, FSC® Mix Credit
BOLD SURFACES,ORG034,Orleans ,Orleans,Narrow Plank  ,European Oak,Nature ,Solid,Square Edge,Skip Sawn,Burnished Hardwax Oil Matt,Hand Rolled Edges, FSC® Mix Credit
BOLD SURFACES,BOLD005,Quincy ,Quincy,Narrow Plank  ,European Oak,Nature ,Solid,Square Edge,Worn Skip Sawn ,Naked Skin Lacquer Super Matt,Hand Rolled Edges, UKTR Compliant
BOLD SURFACES,ORG033,Rivet,Rivet,Random Width Planks   ,Pine,Genuine Reclaimed Sourced,Solid,Square Edge,Heavy Brushed,Burnished Hardwax Oil Matt,Hand Rolled Edges, UKTR Compliant
BOLD SURFACES,ORG030,Scout,Scout,Random Width Planks   ,Pine,Genuine Reclaimed Sourced,Solid,Square Edge,Heavy Brushed,Burnished Hardwax Oil Matt,Hand Rolled Edges, UKTR Compliant
BOLD SURFACES,BOLD010BL,Temno Narrow Herringbone,Temno,Narrow Herringbone  ,Reclaimed Oak ,Genuine Reclaimed Sourced,2Ply Engineered,Square Edge,Soft Sanded,Original Polished Patina,Hand Rolled Edges, UKTR Compliant
BOLD SURFACES,BOLD010,Temno Plank,Temno,Random Width Planks,Reclaimed Oak ,Genuine Reclaimed Sourced,2Ply Engineered,Tongue & Grooved & Ends Matched,Soft Sanded,Original Polished Patina,Hand Rolled Edges, UKTR Compliant
BOLD SURFACES,BOLD007,Tempest ,Tempest,Extra Wide Plank   ,European Oak,Nature ,2Ply Engineered,Tongue & Grooved & Ends Matched,Raked,Air Dried Restoration Oil Matt,Hand Rolled Edges, FSC® Mix Credit
BOLD SURFACES,ORG031,Thread ,Thread,Random Width Planks   ,Pine,Genuine Reclaimed Sourced,Solid,Square Edge,Brushed,Hand Painted,Hand Rolled Edges, UKTR Compliant
BOLD SURFACES,ORG035,Tully,Tully,Narrow Plank  ,European Oak,Nature,Solid,Square Edge,Skip Sawn,Air Dried Restoration Oil Matt,Hand Rolled Edges, UKTR Compliant
BOLD SURFACES,ORG009,Yarn ,Yarn,Wall Boarding  ,European Oak,Genuine Reclaimed Sourced,Solid,Finger Joined Elements,"Polished Original Patina, Undulating Shape &  Genuine Antique Features",Natural Oil,Hand Rolled Edges, UKTR Compliant
BOLD SURFACES,BOLD011,Sepia,Sepia,Narrow Plank  ,European Oak,Nature ,Solid,Square Edge,Worn Skip Sawn ,Naked Skin Lacquer Super Matt,Hand Rolled Edges, UKTR Compliant
BOLD SURFACES,BOLD012,Denim,Denim,Narrow Plank  ,European Oak,Nature ,Solid,Square Edge,Worn Skip Sawn ,Naked Skin Lacquer Super Matt,Hand Rolled Edges, UKTR Compliant
BOLD SURFACES,BOLD013,Bisque,Bisque,Narrow Plank  ,European Oak,Nature ,Solid,Square Edge,Worn Skip Sawn ,Naked Skin Lacquer Super Matt,Hand Rolled Edges, UKTR Compliant
BOLD SURFACES,BOLD014,Merlot,Merlot,Narrow Plank  ,European Oak,Nature ,Solid,Square Edge,Worn Skip Sawn ,Naked Skin Lacquer Super Matt,Hand Rolled Edges, UKTR Compliant
BOLD SURFACES,BOLD015,Fossil,Fossil,Narrow Plank  ,European Oak,Nature ,Solid,Square Edge,Worn Skip Sawn ,Naked Skin Lacquer Super Matt,Hand Rolled Edges, UKTR Compliant
CARBONISED,VAULT005,Agate Chequerboard,Agate,Chequerboard Panel   ,Antique Elm ,Genuine Antique Sourced,2Ply Engineered,Tongue & Grooved & Ends Matched,Original Open Grained Patina,Oilwood Traffic Super Matt,Hand Rolled Edges, UKTR Compliant
CARBONISED,VAULT003,Augite Random Width Plank,Augite,Random Width Planks,Reclaimed Oak,Genuine Reclaimed Sourced,Solid,Square Edge,Deep Brushed,Oilwood Traffic Super Matt,Hand Rolled Edges, UKTR Compliant
CARBONISED,VAULT014,Cinnabar Extra Wide Plank,Cinnabar,Extra Wide Plank ,European Larch,Nature,2Ply Engineered,Tongue & Grooved & Ends Matched,Deep Brushed,Naked Skin Lacquer Super Matt,Hand Rolled Edges, UKTR Compliant
CARBONISED,VAULT020,Garnet Extra Wide Plank,Garnet,Extra Wide Plank ,European Larch,Nature,2Ply Engineered,Tongue & Grooved & Ends Matched,Deep Brushed,Naked Skin Lacquer Super Matt,Hand Rolled Edges, UKTR Compliant
CARBONISED,VAULT004,Hematite Parquet De ArDeche,Hematite,Parquet De ArDeche Panel   ,Antique Elm ,Genuine Antique Sourced,2Ply Engineered,Tongue & Grooved ,Original Open Grained Patina,Oilwood Traffic Super Matt,Hand Rolled Edges, UKTR Compliant
CARBONISED,VAULT006,Hornblende Fingerblock,Hornblende,Fingerblock Panel   ,Antique Elm ,Genuine Antique Sourced,2Ply Engineered,Tongue & Grooved & Ends Matched,Original Open Grained Patina,Oilwood Traffic Super Matt,Hand Rolled Edges, UKTR Compliant
CARBONISED,VAULT001,Jet Parquet De Versailles,Jet,Parquet De Versailles Panel   ,Antique Elm ,Genuine Antique Sourced,2Ply Engineered,Tongue & Grooved & Ends Matched,Original Open Grained Patina,Oilwood Traffic Super Matt,Hand Rolled Edges, UKTR Compliant
CARBONISED,VAULT015,Moth II Extra Wide Plank,Moth II,Extra Wide Plank ,European Larch,Nature,2Ply Engineered,Tongue & Grooved & Ends Matched,Deep Brushed,Naked Skin Lacquer Super Matt,Hand Rolled Edges, UKTR Compliant
CARBONISED,VAULT002,Obsidian Random Width Plank,Obsidian,Random Width Planks,Antique Elm ,Genuine Antique Sourced,2Ply Engineered,Tongue & Grooved & Ends Matched,Deep Brushed,Oilwood Traffic Super Matt,Hand Rolled Edges, UKTR Compliant
CARBONISED,VAULT016,Oyster II Extra Wide Plank,Oyster II,Extra Wide Plank ,European Larch,Nature,2Ply Engineered,Tongue & Grooved & Ends Matched,Deep Brushed,Naked Skin Lacquer Super Matt,Hand Rolled Edges, UKTR Compliant
CARBONISED,VAULT018,Pearl Extra Wide Plank,Pearl,Extra Wide Plank ,European Larch,Nature,2Ply Engineered,Tongue & Grooved & Ends Matched,Deep Brushed,Naked Skin Lacquer Super Matt,Hand Rolled Edges, UKTR Compliant
CARBONISED,VAULT019,Quartz II Extra Wide Plank,Quartz II,Extra Wide Plank ,European Larch,Nature,2Ply Engineered,Tongue & Grooved & Ends Matched,Deep Brushed,Naked Skin Lacquer Super Matt,Hand Rolled Edges, UKTR Compliant
CARBONISED,VAULT017,Zircon Extra Wide Plank,Zircon,Extra Wide Plank ,European Larch,Nature,2Ply Engineered,Tongue & Grooved & Ends Matched,Deep Brushed,Naked Skin Lacquer Super Matt,Hand Rolled Edges, UKTR Compliant
EDITIONS,ART45,Abbot Extra Wide Plank,Abbot,Extra Wide Plank ,European Oak,Nature,2Ply Engineered,Tongue & Grooved & Ends Matched,Brushed,Burnished Hardwax Oil Matt,Micro Bevel,FSC® 100%
EDITIONS,ART45.15M-22,Abbot Extra Wide Plank,Abbot,Extra Wide Plank ,European Oak,Nature,2Ply Engineered,Tongue & Grooved & Ends Matched,Brushed,Burnished Hardwax Oil Matt,Micro Bevel,FSC® 100%
EDITIONS,ART45.15M-26,Abbot Extra Wide Plank,Abbot,Extra Wide Plank ,European Oak,Nature,2Ply Engineered,Tongue & Grooved & Ends Matched,Brushed,Burnished Hardwax Oil Matt,Micro Bevel,FSC® 100%
EDITIONS,ART44,Aversley Extra Wide Plank,Aversley,Extra Wide Plank ,European Oak,Nature,2Ply Engineered,Tongue & Grooved & Ends Matched,Brushed,Burnished Hardwax Oil Matt,Micro Bevel,FSC® 100%
EDITIONS,ART44.15M-22,Aversley Extra Wide Plank,Aversley,Extra Wide Plank ,European Oak,Nature,2Ply Engineered,Tongue & Grooved & Ends Matched,Brushed,Burnished Hardwax Oil Matt,Micro Bevel,FSC® 100%
EDITIONS,ART44.15M-26,Aversley Extra Wide Plank,Aversley,Extra Wide Plank ,European Oak,Nature,2Ply Engineered,Tongue & Grooved & Ends Matched,Brushed,Burnished Hardwax Oil Matt,Micro Bevel,FSC® 100%
EDITIONS,ART15.26,Breton Extra Wide Plank,Breton,Extra Wide Plank ,Douglas Fir,Nature,2Ply Engineered,Tongue & Grooved & Ends Matched,Smooth,Burnished Hardwax Oil Matt,Micro Bevel, UKTR Compliant
EDITIONS,ART15,Breton Extra Wide Plank,Breton,Extra Wide Plank ,Douglas Fir,Nature,2Ply Engineered,Tongue & Grooved & Ends Matched,Smooth,Burnished Hardwax Oil Matt,Micro Bevel, UKTR Compliant
EDITIONS,ART15.30,Breton Super Wide Plank,Breton,Super Wide Plank ,Douglas Fir,Nature,2Ply Engineered,Tongue & Grooved & Ends Matched,Smooth,Burnished Hardwax Oil Matt,Micro Bevel, UKTR Compliant
EDITIONS,ART56.15M-22,Cassava Extra Wide Plank,Cassava,Extra Wide Plank ,European Oak,Nature,2Ply Engineered,Tongue & Grooved & Ends Matched,Brushed,"Deep Fumed, Naked Skin Lacquer Super Matt",Micro Bevel,FSC® 100%
EDITIONS,ART56.15M-26,Cassava Extra Wide Plank,Cassava,Extra Wide Plank ,European Oak,Nature,2Ply Engineered,Tongue & Grooved & Ends Matched,Brushed,"Deep Fumed, Naked Skin Lacquer Super Matt",Micro Bevel,FSC® 100%
EDITIONS,ART56.20M-22,Cassava Extra Wide Plank,Cassava,Extra Wide Plank ,European Oak,Nature,2Ply Engineered,Tongue & Grooved & Ends Matched,Brushed,"Deep Fumed, Naked Skin Lacquer Super Matt",Micro Bevel, FSC® Mix Credit
EDITIONS,ART60.15M-26,Cladonia Extra Wide Plank,Cladonia,Extra Wide Plank ,European Oak,Nature,2Ply Engineered,Tongue & Grooved & Ends Matched,Smooth,Naked Skin Lacquer Super Matt,Micro Bevel,FSC® 100%
EDITIONS,ART60.15M-22,Cladonia Extra Wide Plank,Cladonia,Extra Wide Plank ,European Oak,Nature,2Ply Engineered,Tongue & Grooved & Ends Matched,Smooth,Naked Skin Lacquer Super Matt,Micro Bevel,FSC® 100%
EDITIONS,ART60.20M-22,Cladonia Extra Wide Plank,Cladonia,Extra Wide Plank ,European Oak,Nature,2Ply Engineered,Tongue & Grooved & Ends Matched,Smooth,Naked Skin Lacquer Super Matt,Micro Bevel,FSC® 100%
EDITIONS,ART60BL,Cladonia Herringbone,Cladonia,Herringbone,European Oak,Nature,2Ply Engineered,Grooved 3 Sides,Smooth,Naked Skin Lacquer Super Matt,Micro Bevel, FSC® Mix Credit
EDITIONS,ART12,Coast Extra Wide Plank,Coast,Extra Wide Plank ,European Oak,Nature,2Ply Engineered,Tongue & Grooved & Ends Matched,Brushed,Burnished Hardwax Oil Matt,Micro Bevel,FSC® 100%
EDITIONS,ART12.15M-22,Coast Extra Wide Plank,Coast,Extra Wide Plank ,European Oak,Nature,2Ply Engineered,Tongue & Grooved & Ends Matched,Brushed,Burnished Hardwax Oil Matt,Micro Bevel,FSC® 100%
EDITIONS,ART12.15M-26,Coast Extra Wide Plank,Coast,Extra Wide Plank ,European Oak,Nature,2Ply Engineered,Tongue & Grooved & Ends Matched,Brushed,Burnished Hardwax Oil Matt,Micro Bevel,FSC® 100%
EDITIONS,ART12BL,Coast Herringbone,Coast,Herringbone   ,European Oak,Nature,2Ply Engineered,Grooved 3 Sides,Brushed,Burnished Hardwax Oil Matt,Micro Bevel, FSC® Mix Credit
EDITIONS,ART12.18,Coast Plank,Coast,Plank   ,European Oak,Nature,2Ply Engineered,Tongue & Grooved & Ends Matched,Brushed,Burnished Hardwax Oil Matt,Micro Bevel,FSC® 100%
EDITIONS,ART46,Cowdray Extra Wide Plank,Cowdray,Extra Wide Plank ,European Oak,Nature,2Ply Engineered,Tongue & Grooved & Ends Matched,Brushed,Burnished Hardwax Oil Super Matt,Micro Bevel,FSC® 100%
EDITIONS,ART46.15M-22,Cowdray Extra Wide Plank,Cowdray,Extra Wide Plank ,European Oak,Nature,2Ply Engineered,Tongue & Grooved & Ends Matched,Brushed,Burnished Hardwax Oil Super Matt,Micro Bevel,FSC® 100%
EDITIONS,ART46.15M-26,Cowdray Extra Wide Plank,Cowdray,Extra Wide Plank ,European Oak,Nature,2Ply Engineered,Tongue & Grooved & Ends Matched,Brushed,Burnished Hardwax Oil Super Matt,Micro Bevel,FSC® 100%
EDITIONS,ART21,Dovecote Extra Wide Plank,Dovecote,Extra Wide Plank ,American Black Walnut,Nature,2Ply Engineered,Tongue & Grooved & Ends Matched,Smooth,Naked Skin Lacquer Super Matt,Micro Bevel, UKTR Compliant
EDITIONS,ART09,Espresso Extra Wide Plank,Espresso,Extra Wide Plank ,European Oak,Nature,2Ply Engineered,Tongue & Grooved & Ends Matched,Brushed,"Double Fumed, Burnished Hardwax Oil Matt",Micro Bevel, FSC® Mix Credit
EDITIONS,ART09BL,Espresso Herringbone,Espresso,Herringbone   ,European Oak,Nature,2Ply Engineered,Grooved 3 Sides,Brushed,"Double Fumed, Burnished Hardwax Oil Matt",Micro Bevel, FSC® Mix Credit
EDITIONS,ART09.18,Espresso Plank,Espresso,Plank   ,European Oak,Nature,2Ply Engineered,Tongue & Grooved & Ends Matched,Brushed,"Double Fumed, Burnished Hardwax Oil Matt",Micro Bevel, FSC® Mix Credit
EDITIONS,ART47,Floret Extra Wide Plank,Floret,Extra Wide Plank ,European Oak,Nature,2Ply Engineered,Tongue & Grooved & Ends Matched,Brushed,Burnished Hardwax Oil Matt,Hand Rolled Edges, FSC® Mix Credit
EDITIONS,ART25,Heath Extra Wide Plank,Heath,Extra Wide Plank ,European Oak,Nature,2Ply Engineered,Tongue & Grooved & Ends Matched,Brushed,"Double Fumed, Naked Skin Lacquer Super Matt",Micro Bevel, FSC® Mix Credit
EDITIONS,ART25BL,Heath Herringbone,Heath,Herringbone   ,European Oak,Nature,2Ply Engineered,Grooved 3 Sides,Brushed,"Double Fumed, Naked Skin Lacquer Super Matt",Micro Bevel, FSC® Mix Credit
EDITIONS,ART57.15M-22,Kingham Extra Wide Plank,Kingham,Extra Wide Plank ,European Oak,Nature,2Ply Engineered,Tongue & Grooved & Ends Matched,Brushed,"Deep Fumed, Naked Skin Lacquer Super Matt",Micro Bevel,FSC® 100%
EDITIONS,ART57.15M-26,Kingham Extra Wide Plank,Kingham,Extra Wide Plank ,European Oak,Nature,2Ply Engineered,Tongue & Grooved & Ends Matched,Brushed,"Deep Fumed, Naked Skin Lacquer Super Matt",Micro Bevel,FSC® 100%
EDITIONS,ART57.20M-22,Kingham Extra Wide Plank,Kingham,Extra Wide Plank ,European Oak,Nature,2Ply Engineered,Tongue & Grooved & Ends Matched,Brushed,"Deep Fumed, Naked Skin Lacquer Super Matt",Micro Bevel,FSC® 100%
EDITIONS,ART59.22,Loft Extra Wide Plank ,Loft,Extra Wide Plank ,European Oak,Nature,2Ply Engineered,Tongue & Grooved & Ends Matched,Brushed,Burnished Hardwax Oil Matt,Micro Bevel,FSC® 100%
EDITIONS,ART59.15M-22,Loft Extra Wide Plank ,Loft,Extra Wide Plank ,European Oak,Nature,2Ply Engineered,Tongue & Grooved & Ends Matched,Brushed,Burnished Hardwax Oil Matt,Micro Bevel,FSC® 100%
EDITIONS,ART59.15M-26,Loft Extra Wide Plank ,Loft,Extra Wide Plank ,European Oak,Nature,2Ply Engineered,Tongue & Grooved & Ends Matched,Brushed,Burnished Hardwax Oil Matt,Micro Bevel,FSC® 100%
EDITIONS,ART26,Monroe Extra Wide Plank,Monroe,Extra Wide Plank ,European Oak,Nature,2Ply Engineered,Tongue & Grooved & Ends Matched,Brushed,"Double Fumed, Naked Skin Lacquer Super Matt",Micro Bevel, FSC® Mix Credit
EDITIONS,ART26BL,Monroe Herringbone,Monroe,Herringbone   ,European Oak,Nature,2Ply Engineered,Grooved 3 Sides,Brushed,"Double Fumed, Naked Skin Lacquer Super Matt",Micro Bevel, FSC® Mix Credit
EDITIONS,ART24.22,Otis Extra Wide Plank,Otis,Extra Wide Plank ,European Oak,Nature,2Ply Engineered,Tongue & Grooved & Ends Matched,Smooth,Naked Skin Lacquer Super Matt,Hand Rolled Edges, FSC® Mix Credit
EDITIONS,ART24.15M-22,Otis Extra Wide Plank ,Otis,Extra Wide Plank ,European Oak,Nature,2Ply Engineered,Tongue & Grooved & Ends Matched,Smooth,Naked Skin Lacquer Super Matt,Hand Rolled Edges,FSC® 100%
EDITIONS,ART24.15M-26,Otis Extra Wide Plank ,Otis,Extra Wide Plank ,European Oak,Nature,2Ply Engineered,Tongue & Grooved & Ends Matched,Smooth,Naked Skin Lacquer Super Matt,Hand Rolled Edges,FSC® 100%
EDITIONS,ART24BL,Otis Herringbone,Otis,Herringbone   ,European Oak,Nature,2Ply Engineered,Grooved 3 Sides,Smooth,Naked Skin Lacquer Super Matt,Hand Rolled Edges, FSC® Mix Credit
EDITIONS,ART53,Pendower Extra Wide Plank,Pendower,Extra Wide Plank ,European Oak,Nature,2Ply Engineered,Tongue & Grooved & Ends Matched,Brushed,Organic Oil Super Matt,Micro Bevel,FSC® 100%
EDITIONS,ART53.15M-26,Pendower Extra Wide Plank ,Pendower,Extra Wide Plank ,European Oak,Nature,2Ply Engineered,Tongue & Grooved & Ends Matched,Brushed,Organic Oil Super Matt,Micro Bevel,FSC® 100%
EDITIONS,ART53.15M-22,Pendower Extra Wide Plank ,Pendower,Extra Wide Plank ,European Oak,Nature,2Ply Engineered,Tongue & Grooved & Ends Matched,Brushed,Organic Oil Super Matt,Micro Bevel,FSC® 100%
EDITIONS,ART40.22,Peteril Extra Wide Plank,Peteril,Extra Wide Plank ,European Larch,Nature,2Ply Engineered,Tongue & Grooved & Ends Matched,"Worn, Hit & Miss Saw Marks",Naked Skin Lacquer Super Matt,Hand Rolled Edges, UKTR Compliant
EDITIONS,ART40.26,Peteril Extra Wide Plank,Peteril,Extra Wide Plank ,European Larch,Nature,2Ply Engineered,Tongue & Grooved & Ends Matched,"Worn, Hit & Miss Saw Marks",Naked Skin Lacquer Super Matt,Hand Rolled Edges, UKTR Compliant
EDITIONS,ART40.29,Peteril Super Wide Plank,Peteril,Super Wide Plank ,European Larch,Nature,2Ply Engineered,Tongue & Grooved & Ends Matched,"Worn, Hit & Miss Saw Marks",Naked Skin Lacquer Super Matt,Hand Rolled Edges, UKTR Compliant
EDITIONS,ART48,Ralston Extra Wide Plank,Ralston,Extra Wide Plank ,European Oak,Nature,2Ply Engineered,Tongue & Grooved & Ends Matched,Brushed,Naked Skin Lacquer Super Matt,Hand Rolled Edges, FSC® Mix Credit
EDITIONS,ART58.15M-26,Ristretto Extra Wide Plank,Ristretto,Extra Wide Plank ,European Oak,Nature,2Ply Engineered,Tongue & Grooved & Ends Matched,Brushed,"Deep Fumed, Burnished Hardwax Oil Matt",Micro Bevel,FSC® 100%
EDITIONS,ART58.15M-22,Ristretto Extra Wide Plank,Ristretto,Extra Wide Plank ,European Oak,Nature,2Ply Engineered,Tongue & Grooved & Ends Matched,Brushed,"Deep Fumed, Burnished Hardwax Oil Matt",Micro Bevel,FSC® 100%
EDITIONS,ART58.20M-22,Ristretto Extra Wide Plank,Ristretto,Extra Wide Plank ,European Oak,Nature,2Ply Engineered,Tongue & Grooved & Ends Matched,Brushed,"Deep Fumed, Burnished Hardwax Oil Matt",Micro Bevel, FSC® Mix Credit
EDITIONS,ART39.22,Rivelin Extra Wide Plank,Rivelin,Extra Wide Plank ,European Larch,Nature,2Ply Engineered,Tongue & Grooved & Ends Matched,"Worn, Hit & Miss Saw Marks",Naked Skin Lacquer Super Matt,Hand Rolled Edges, UKTR Compliant
EDITIONS,ART39.26,Rivelin Extra Wide Plank,Rivelin,Extra Wide Plank ,European Larch,Nature,2Ply Engineered,Tongue & Grooved & Ends Matched,"Worn, Hit & Miss Saw Marks",Naked Skin Lacquer Super Matt,Hand Rolled Edges, UKTR Compliant
EDITIONS,ART39.29,Rivelin Super Wide Plank,Rivelin,Super Wide Plank ,European Larch,Nature,2Ply Engineered,Tongue & Grooved & Ends Matched,"Worn, Hit & Miss Saw Marks",Naked Skin Lacquer Super Matt,Hand Rolled Edges, UKTR Compliant
EDITIONS,ART35,Sienna Extra Wide Plank,Sienna,Extra Wide Plank ,European Oak,Nature,2Ply Engineered,Tongue & Grooved & Ends Matched,Smooth,Burnished Hardwax Oil Super Matt,Micro Bevel,FSC® 100%
EDITIONS,ART35.15M-22,Sienna Extra Wide Plank,Sienna,Extra Wide Plank ,European Oak,Nature,2Ply Engineered,Tongue & Grooved & Ends Matched,Smooth,Burnished Hardwax Oil Super Matt,Micro Bevel,FSC® 100%
EDITIONS,ART35.15M-26,Sienna Extra Wide Plank,Sienna,Extra Wide Plank ,European Oak,Nature,2Ply Engineered,Tongue & Grooved & Ends Matched,Smooth,Burnished Hardwax Oil Super Matt,Micro Bevel,FSC® 100%
EDITIONS,ART35BL,Sienna Herringbone,Sienna,Herringbone   ,European Oak,Nature,2Ply Engineered,Grooved 3 Sides,Smooth,Burnished Hardwax Oil Super Matt,Micro Bevel, FSC® Mix Credit
EDITIONS,ART28,Tolland Extra Wide Plank,Tolland,Extra Wide Plank ,European Oak,Nature,2Ply Engineered,Tongue & Grooved & Ends Matched,Brushed,"Double Fumed, Satin Lacquer",Micro Bevel, FSC® Mix Credit
EDITIONS,ART28BL,Tolland Herringbone,Tolland,Herringbone   ,European Oak,Nature,2Ply Engineered,Grooved 3 Sides,Brushed,"Double Fumed, Satin Lacquer",Micro Bevel, FSC® Mix Credit
EDITIONS,ART38,Winster Extra Wide Plank,Winster,Extra Wide Plank ,European Oak,Nature,2Ply Engineered,Tongue & Grooved & Ends Matched,Smooth,Naked Skin Lacquer Super Matt,Micro Bevel,FSC® 100%
ENGLISH NATIVE TIMBERS,NAT002,Elias Random Width Plank ,Elias,Random Width Planks,English Oak,Quarter Sawn,2Ply Engineered,Tongue & Grooved & Ends Matched,"Hand Polished Undulations, Skip Sawn",Naked Skin Lacquer Matt,Soft Rolled Edges, UKTR Compliant
ENGLISH NATIVE TIMBERS,NAT006,Elswick Random Width Plank,Elswick,Random Width Planks,English Oak,Quarter Sawn,2Ply Engineered,Tongue & Grooved & Ends Matched,"Smooth Sanded, Gentle Undulations ",Burnished Hardwax Oil Satin,Hand Rolled Edges, UKTR Compliant
ENGLISH NATIVE TIMBERS,NAT005,Forecastle Random Width Plank,Forecastle,Random Width Planks,English Oak,Quarter Sawn,2Ply Engineered,Tongue & Grooved & Ends Matched,"Smooth Sanded, Gentle Undulations ",Naked Skin Lacquer Super Matt,Hand Rolled Edges, UKTR Compliant
ENGLISH NATIVE TIMBERS,NAT001,Galion Random Width Plank,Galion,Random Width Planks,English Oak,Quarter Sawn,2Ply Engineered,Tongue & Grooved & Ends Matched,"Hand Polished Undulations, Skip Sawn",Burnished Hardwax Oil Satin,Soft Rolled Edges, UKTR Compliant
ENGLISH NATIVE TIMBERS,NAT007,Roebuck Random Width Plank,Roebuck,Random Width Planks,English Oak,Quarter Sawn,2Ply Engineered,Tongue & Grooved & Ends Matched,"Smooth Sanded, Gentle Undulations ",Naked Skin Lacquer Super Matt,Hand Rolled Edges, UKTR Compliant
ENGLISH NATIVE TIMBERS,NAT008,Argyll Random Width Plank,Argyll,Random Width Planks,English Oak,Quarter Sawn,2Ply Engineered,Tongue & Grooved & Ends Matched,"Smooth Sanded, Gentle Undulations ",Burnished Hardwax Oil Matt,Hand Rolled Edges, UKTR Compliant
PARQUETRY,EMPRE005,Coronet Parquet de Versailles,Coronet,Parquet De Versailles Panel,American Black Walnut,Prime ,2Ply Engineered,Grooved 4 Sides (supplied with Loose Tongues),Smooth Polished,Burnished Hardwax Oil Satin,Hand Rolled Edges, UKTR Compliant
PARQUETRY,EMPRE007,Inca Concentric Design Panel,Inca,Concentric Design Panel ,American Black Walnut,Prime ,2Ply Engineered,Grooved 4 Sides (supplied with Loose Tongues),Smooth Polished,Burnished Hardwax Oil Satin,Hand Rolled Edges, UKTR Compliant
PARQUETRY,GEC001,Leda End Grain,Leda,Plank   ,European Oak,End Grain,3Layer Engineered,Tongue & Grooved & Ends Matched,Smooth,Satin Lacquer,Square Shoulder,70% PEFC Certified
PARQUETRY,GEC002,Callista End Grain,Callista,Plank   ,European Oak,End Grain,3Layer Engineered,Tongue & Grooved & Ends Matched,Brushed,Burnished Hardwax Oil Satin,Square Shoulder, UKTR Compliant
PARQUETRY,GEC003,Deimos End Grain,Deimos,Plank   ,European Oak,End Grain,3Layer Engineered,Tongue & Grooved & Ends Matched,Brushed,Burnished Hardwax Oil Satin,Square Shoulder, UKTR Compliant
PARQUETRY,GEC004,Cressida End Grain,Cressida,Plank   ,European Oak,End Grain,3Layer Engineered,Tongue & Grooved & Ends Matched,Brushed,Burnished Hardwax Oil Satin,Square Shoulder, UKTR Compliant
PARQUETRY,GEC005,Celestial End Grain,Celestial,Plank   ,European Oak,End Grain,3Layer Engineered,Tongue & Grooved & Ends Matched,Brushed,Burnished Hardwax Oil Satin,Square Shoulder, UKTR Compliant
PARQUETRY,GEC006,Dorado End Grain,Dorado,Plank   ,European Oak,End Grain,3Layer Engineered,Tongue & Grooved & Ends Matched,Brushed,Organic Lacquer Super Matt,Soft Rolled Edges, UKTR Compliant
PARQUETRY,GEC007,Aquila End Grain,Aquila,Plank   ,European Oak,End Grain,3Layer Engineered,Tongue & Grooved & Ends Matched,Brushed,Naked Skin Lacquer Super Matt,Soft Rolled Edges, UKTR Compliant
PARQUETRY,GECN002,Callista End Grain,Callista,Narrow Plank  ,European Oak,End Grain,2Ply Engineered,Tongue & Grooved & Ends Matched,Brushed,Burnished Hardwax Oil Satin,Square Shoulder, UKTR Compliant
PARQUETRY,GECN003,Deimos End Grain,Deimos,Narrow Plank  ,European Oak,End Grain,2Ply Engineered,Tongue & Grooved & Ends Matched,Brushed,Burnished Hardwax Oil Satin,Square Shoulder, UKTR Compliant
PARQUETRY,GECN004,Cressida End Grain,Cressida,Narrow Plank  ,European Oak,End Grain,2Ply Engineered,Tongue & Grooved & Ends Matched,Brushed,Burnished Hardwax Oil Satin,Square Shoulder, UKTR Compliant
PARQUETRY,GECN005,Celestial End Grain,Celestial,Narrow Plank  ,European Oak,End Grain,2Ply Engineered,Tongue & Grooved & Ends Matched,Brushed,Burnished Hardwax Oil Satin,Square Shoulder, UKTR Compliant
PARQUETRY,GECN006,Dorado End Grain,Dorado,Narrow Plank  ,European Oak,End Grain,2Ply Engineered,Tongue & Grooved & Ends Matched,Brushed,Organic Lacquer Super Matt,Soft Rolled Edges, UKTR Compliant
PARQUETRY,GECN007,Aquila End Grain,Aquila,Narrow Plank  ,European Oak,End Grain,2Ply Engineered,Tongue & Grooved & Ends Matched,Brushed,Naked Skin Lacquer Super Matt,Soft Rolled Edges, UKTR Compliant
PARQUETRY,JEWEL011A,Ringlet Chevron,Ringlet,Chevron   ,European Oak,Prime ,2Ply Engineered,Tongue & Grooved & Ends Matched,Brushed,"Double Fumed, Naked Skin Lacquer Satin",Micro Bevel, FSC® Mix Credit
PARQUETRY,OAKVERAN02,Jacobin Parquet de Versailles  ,Jacobin,Parquet De Versailles Panel,European Oak,Nature ,2Ply Engineered,Tongue & Grooved & Ends Matched,Brushed,Restoration Oil,Square Shoulder, UKTR Compliant
PARQUETRY,PARQ001A,Sapphire Circular Design Panel,Sapphire,Circular Design Panel ,Aged French Oak ,Rustic,2Ply Engineered,Grooved 4 Sides (supplied with Loose Tongues),"Skip Sawn, Scrubbed Knots & Undulating Texture",Burnished Hardwax Oil Satin,Hand Rolled Edges, UKTR Compliant
PARQUETRY,PARQ003,Lacerta Narrow Herringbone,Lacerta,Narrow Herringbone,European Oak,Prime ,Solid,Grooved 3 Sides,Brushed,Organic Oil Super Matt,Hand Rolled Edges,FSC® 100%
PARQUETRY,PARQ010,Hera Geometric Pattern,Hera,Geometric Pattern  ,European Oak,Prime ,2Ply Engineered,Grooved All Round,Delicately Smooth,Naked Skin Lacquer,Micro Bevel, UKTR Compliant
PARQUETRY,PARQ011,Iris Geometric Design,Iris,Geometric Design  ,European Oak ,Nature ,2Ply Engineered,Grooved All Round,Delicately Smooth,Naked Skin Lacquer,Square Shoulder, FSC® Mix Credit
PARQUETRY,PARQ012,Nyx Parquet de Versailles ,Nyx,Parquet De Versailles Panel,European Oak,Nature,2Ply Engineered,Tongue & Grooved & Ends Matched,Smooth,Naked Skin Lacquer,Square Shoulder, UKTR Compliant
PARQUETRY,PARQ013,Eris Parquet de Versailles ,Eris,Parquet De Versailles Panel,European Oak,Prime ,2Ply Engineered,Tongue & Grooved & Ends Matched,Smooth,Naked Skin Lacquer,Square Shoulder, UKTR Compliant
PARQUETRY,PARQ014,Rhea Chevron,Rhea,Chevron   ,European Oak,Prime ,2Ply Engineered,Tongue & Grooved & Ends Matched,Smooth,Naked Skin Lacquer,Square Shoulder, FSC® Mix Credit
PARQUETRY,PARQ015,Selene Continuous Versailles Pattern,Selene,Continuous Versailles Pattern ,Aged French Oak ,Rustic ,2Ply Engineered,Tongue & Grooved & Ends Matched,"Skip Sawn, Scrubbed Knots & Undulating Texture",Naked Skin Lacquer,Square Shoulder, FSC® Mix Credit
PARQUETRY,PDQC001,Rosnay Continuous Versailles Pattern,Rosnay,Continuous Versailles Pattern ,Aged French Oak ,Rustic ,2Ply Engineered,Tongue & Grooved & Ends Matched,"Skip Sawn, Scrubbed Knots & Undulating Texture",Unfinished,Square Shoulder, FSC® Mix Credit
PARQUETRY,PARQ016,Freya Chevron,Freya,Chevron   ,European Oak,Nature,2Ply Engineered,Tongue & Grooved & Ends Matched,Delicately Smooth,Naked Skin Lacquer,Micro Bevel, FSC® Mix Credit
PARQUETRY,PARQ017,Freya Chevron,Freya,Chevron   ,European Oak,Nature,2Ply Engineered,Tongue & Grooved & Ends Matched,Delicately Smooth,Naked Skin Lacquer,Micro Bevel, FSC® Mix Credit
PARQUETRY,PARQ018,Maeve Chevron,Maeve,Chevron   ,European Oak,Prime ,2Ply Engineered,Tongue & Grooved & Ends Matched,Smooth,Naked Skin Lacquer,Square Shoulder, FSC® Mix Credit
PARQUETRY,PARQ019,Niamh Continuous Versailles Pattern,Niamh,Continuous Versailles Pattern ,European Oak,Nature,2Ply Engineered,Tongue & Grooved & Ends Matched,Smooth,Naked Skin Lacquer,Square Shoulder, FSC® Mix Credit
RARE FINDS,RARE015,Bleached English Estate Oak Plank,Bleached English Estate Oak ,Random Width Planks   ,English Oak,Genuine Reclaimed Sourced,2Ply Engineered,Tongue & Grooved & Ends Matched,"Skip Sawn, Scrubbed Knots, Undulating Texture",Naked Skin Lacquer Super Matt,Hand Rolled Edges, UKTR Compliant
RARE FINDS,RARE028,Bridgewater Pine Plank ,Bridgewater Pine,Random Width Planks,Pine,Genuine Reclaimed Sourced,Solid,Square Edge,Polished Original Patina ,Unfinished,Hand Rolled Edges, UKTR Compliant
RARE FINDS,RARE028M,Bridgewater Pine Plank ,Bridgewater Pine,Random Width Planks,Pine,Genuine Reclaimed Sourced,Solid,Tongue & Grooved & Ends Matched,Polished Original Patina ,Unfinished,Hand Rolled Edges, UKTR Compliant
RARE FINDS,RARE028W,Bridgewater Pine Plank ,Bridgewater Pine,Random Width Planks,Pine,Genuine Reclaimed Sourced,Solid,Square Edge,Polished Original Patina ,Unfinished,Hand Rolled Edges, UKTR Compliant
RARE FINDS,RARE022,Burmese Dark Teak Plank,Burmese Dark Teak Plank,Random Width Planks,Burmese Teak,Genuine Reclaimed Sourced,2Ply Engineered,Tongue & Grooved & Ends Matched,Smooth Sanded,Oilwood Traffic Super Matt,Hand Rolled Edges, UKTR Compliant
RARE FINDS,RARE020,Burmese Teak Plank,Burmese Teak Plank,Random Width Planks,Burmese Teak,Genuine Reclaimed Sourced,2Ply Engineered,Tongue & Grooved & Ends Matched,Smooth Sanded,Restoration Oil Matt,Hand Rolled Edges, UKTR Compliant
RARE FINDS,RARE005,Cotton Mill Pine Extra Wide Plank,Cotton Mill Pine ,Extra Wide Plank,Swiss Pine,Genuine Reclaimed Sourced,2Ply Engineered,,"Polished Original Patina, Undulating Shape &  Genuine Antique Features",Naked Skin Lacquer Super Matt,Hand Rolled Edges, UKTR Compliant
RARE FINDS,RARE013,Indonesian Bleached Teak Plank,Indonesian Bleached Teak Plank,Random Width Planks,Indonesian Teak,Genuine Reclaimed Sourced,2Ply Engineered,Tongue & Grooved & Ends Matched,Hand Sawn,Naked Skin Lacquer Super Matt,Hand Rolled Edges, UKTR Compliant
RARE FINDS,RARE029,Indonesian Teak Plank,Indonesian Teak Plank,Random Width Planks,Indonesian Teak,Genuine Reclaimed Sourced,Solid,Square Edge,Hand Sawn,Naked Skin Lacquer Super Matt,Hand Rolled Edges, UKTR Compliant
RARE FINDS,RARE012,Indonesian Teak Plank,Indonesian Teak Plank,Random Width Planks,Indonesian Teak,Genuine Reclaimed Sourced,2Ply Engineered,Tongue & Grooved & Ends Matched,Hand Sawn,Naked Skin Lacquer Super Matt,Hand Rolled Edges, UKTR Compliant
RARE FINDS,RARE014,English Estate Oak Plank,English Estate Oak ,Random Width Planks   ,English Oak,Genuine Reclaimed Sourced,2Ply Engineered,Tongue & Grooved & Ends Matched,"Skip Sawn, Scrubbed Knots, Undulating Texture",Naked Skin Lacquer Super Matt,Hand Rolled Edges, UKTR Compliant
RARE FINDS,BOLD009,French Estate Organic Oak Plank ,French Estate Organic Oak Plank ,Wall Cladding  ,Antique Oak,Genuine Antique Sourced,Solid,Tongue & Grooved & Ends Matched,Soft Sanded,Original Polished Patina,Hand Rolled Edges, UKTR Compliant
RARE FINDS,RARE025,French Estate Organic Oak Plank ,French Estate Organic Oak,Random Width Planks,French Estate Oak,Genuine Antique Sourced,Solid,Tongue & Grooved & Ends Matched,Polished Original Patina ,Unfinished,Hand Rolled Edges, UKTR Compliant
RARE FINDS,RARE025W,French Estate Organic Oak Plank ,French Estate Organic Oak,Random Width Planks,French Estate Oak,Genuine Antique Sourced,Solid,Tongue & Grooved & Ends Matched,Polished Original Patina ,Unfinished,Hand Rolled Edges, UKTR Compliant
RARE FINDS,RARE010,Kings Cross Jarrah Plank,Kings Cross Jarrah ,Random Width Planks,Jarrah,Genuine Reclaimed Sourced,2Ply Engineered,Tongue & Grooved & Ends Matched,Worn Skip Sawn ,Burnished Hardwax Oil Satin,Square Shoulder, UKTR Compliant
RARE FINDS,RARE019,Northbank Bleached Pitch Pine Plank,Northbank Bleached Pitch Pine,Random Width Planks,Pitch Pine,Genuine Reclaimed Sourced,2Ply Engineered,Tongue & Grooved & Ends Matched,Brushed,Naked Skin Lacquer Super Matt,Hand Rolled Edges, UKTR Compliant
RARE FINDS,RARE018,Northbank Pitch Pine Plank,Northbank Pitch Pine,Random Width Planks,Pitch Pine,Genuine Reclaimed Sourced,2Ply Engineered,Tongue & Grooved & Ends Matched,Brushed,Naked Skin Lacquer Super Matt,Hand Rolled Edges, UKTR Compliant
RARE FINDS,RARE017,Old War Office Bleached Pine Plank,Old War Office Bleached Pine,Random Width Planks,Douglas Fir,Genuine Reclaimed Sourced,2Ply Engineered,Tongue & Grooved & Ends Matched,Undulating Texture,Burnished Hardwax Oil Matt,Hand Rolled Edges, UKTR Compliant
RARE FINDS,RARE016,Old War Office Pine Plank,Old War Office Pine,Random Width Planks,Douglas Fir,Genuine Reclaimed Sourced,2Ply Engineered,Tongue & Grooved & Ends Matched,Undulating Texture,Naked Skin Lacquer Super Matt,Hand Rolled Edges, UKTR Compliant
RARE FINDS,RARE003,Reims Antique Oak Plank,Reims Antique Oak ,Random Width Planks,Antique Oak,Genuine Antique Sourced,2Ply Engineered,Tongue & Grooved & Ends Matched,Polished Original Patina ,Burnished Hardwax Oil Super Matt,Hand Rolled Edges, UKTR Compliant
RARE FINDS,RARE003W,Reims Antique Oak Plank,Reims Antique Oak ,Random Width Planks,Antique Oak,Genuine Antique Sourced,2Ply Engineered,Tongue & Grooved & Ends Matched,Polished Original Patina ,Burnished Hardwax Oil Super Matt,Hand Rolled Edges, UKTR Compliant
RARE FINDS,RARE024,Reims Antique Organic Oak Plank,Reims Antique Organic Oak,Random Width Planks,Antique Oak,Genuine Antique Sourced,2Ply Engineered,Tongue & Grooved & Ends Matched,Polished Original Patina ,Unfinished,Hand Rolled Edges, UKTR Compliant
RARE FINDS,RARE024W,Reims Antique Organic Oak Plank,Reims Antique Organic Oak,Random Width Planks,Antique Oak,Genuine Antique Sourced,2Ply Engineered,Tongue & Grooved & Ends Matched,Polished Original Patina ,Unfinished,Hand Rolled Edges, UKTR Compliant
RARE FINDS,RARE030,French Estate Organic Oak Parquet de Versailles  ,French Estate Oak ,,French Oak,Genuine Antique Sourced,2Ply Engineered,Grooved 4 Sides (supplied with Loose Tongues),Polished Original Patina,Unfinished,Hand Rolled Edges, UKTR Compliant
RARE FINDS,RARE006,Swiss Stone Pine Extra Wide Plank,Swiss Stone Pine ,Extra Wide Plank,Swiss Pine,Genuine Reclaimed Sourced,2Ply Engineered,,Worn Skip Sawn ,Naked Skin Lacquer Super Matt,Hand Rolled Edges, UKTR Compliant
SUPERFINE,NAUTI020,Auga Extra Wide Plank,Auga,Extra Wide Plank ,European Oak,Superprime,2Ply Engineered,Tongue & Grooved & Ends Matched,Brushed,Burnished Hardwax Oil Matt,Micro Bevel, FSC® Mix Credit
SUPERFINE,NAUTI020.15m-22,Auga Extra Wide Plank,Auga,Extra Wide Plank ,European Oak,Superprime,2Ply Engineered,Tongue & Grooved & Ends Matched,Brushed,Burnished Hardwax Oil Matt,Micro Bevel,FSC® 100%
SUPERFINE,NAUTI020.15m-26,Auga Extra Wide Plank,Auga,Extra Wide Plank ,European Oak,Superprime,2Ply Engineered,Tongue & Grooved & Ends Matched,Brushed,Burnished Hardwax Oil Matt,Micro Bevel,FSC® 100%
SUPERFINE,NAUTI018,Babylon Extra Wide Plank,Babylon,Extra Wide Plank ,European Oak,Superprime,2Ply Engineered,Tongue & Grooved & Ends Matched,Brushed,"Double Fumed, Burnished Hardwax Oil Matt",Micro Bevel,FSC® 100%
SUPERFINE,NAUTI013,Caurica Extra Wide Plank,Caurica,Extra Wide Plank ,European Oak,Superprime,2Ply Engineered,Tongue & Grooved & Ends Matched,Brushed,Burnished Hardwax Oil Matt,Micro Bevel, FSC® Mix Credit
SUPERFINE,NAUTI013.15m-22,Caurica Extra Wide Plank,Caurica,Extra Wide Plank ,European Oak,Superprime,2Ply Engineered,Tongue & Grooved & Ends Matched,Brushed,Burnished Hardwax Oil Matt,Micro Bevel,FSC® 100%
SUPERFINE,NAUTI013.15m-26,Caurica Extra Wide Plank,Caurica,Extra Wide Plank ,European Oak,Superprime,2Ply Engineered,Tongue & Grooved & Ends Matched,Brushed,Burnished Hardwax Oil Matt,Micro Bevel,FSC® 100%
SUPERFINE,NAUTI009,Cavoline Extra Wide Plank,Cavoline,Extra Wide Plank ,European Oak,Superprime,2Ply Engineered,Tongue & Grooved & Ends Matched,Brushed,Burnished Hardwax Oil Satin,Micro Bevel, FSC® Mix Credit
SUPERFINE,NAUTI009.15m-22,Cavoline Extra Wide Plank,Cavoline,Extra Wide Plank ,European Oak,Superprime,2Ply Engineered,Tongue & Grooved & Ends Matched,Brushed,Burnished Hardwax Oil Matt,Micro Bevel,FSC® 100%
SUPERFINE,NAUTI009.15m-26,Cavoline Extra Wide Plank,Cavoline,Extra Wide Plank ,European Oak,Superprime,2Ply Engineered,Tongue & Grooved & Ends Matched,Brushed,Burnished Hardwax Oil Matt,Micro Bevel,FSC® 100%
SUPERFINE,ART23,Clifton Extra Wide Plank,Clifton,Extra Wide Plank ,European Oak,Superprime,2Ply Engineered,Tongue & Grooved & Ends Matched,Brushed,Burnished Hardwax Oil Matt,Micro Bevel,FSC® 100%
SUPERFINE,ART23BL,Clifton Herringbone,Clifton,Herringbone   ,European Oak,Superprime,2Ply Engineered,Grooved 3 Sides,Brushed,Burnished Hardwax Oil Matt,Micro Bevel, FSC® Mix Credit
SUPERFINE,ART23.15M-22,Clifton Extra Wide Plank,Clifton,Extra Wide Plank ,European Oak,Superprime,2Ply Engineered,Tongue & Grooved & Ends Matched,Brushed,Burnished Hardwax Oil Matt,Micro Bevel,FSC® 100%
SUPERFINE,ART23.15M-26,Clifton Extra Wide Plank,Clifton,Extra Wide Plank ,European Oak,Superprime,2Ply Engineered,Tongue & Grooved & Ends Matched,Brushed,Burnished Hardwax Oil Matt,Micro Bevel,FSC® 100%
SUPERFINE,NAUTI003,Cowry Extra Wide Plank,Cowry,Extra Wide Plank ,European Oak,Superprime,2Ply Engineered,Tongue & Grooved & Ends Matched,Brushed,Burnished Hardwax Oil Super Matt,Micro Bevel, FSC® Mix Credit
SUPERFINE,NAUTI003.15m-22,Cowry Extra Wide Plank,Cowry,Extra Wide Plank ,European Oak,Superprime,2Ply Engineered,Tongue & Grooved & Ends Matched,Brushed,Burnished Hardwax Oil Super Matt,Micro Bevel,FSC® 100%
SUPERFINE,NAUTI003.15m-26,Cowry Extra Wide Plank,Cowry,Extra Wide Plank ,European Oak,Superprime,2Ply Engineered,Tongue & Grooved & Ends Matched,Brushed,Burnished Hardwax Oil Super Matt,Micro Bevel,FSC® 100%
SUPERFINE,NAUTI015,Cyphoma Extra Wide Plank,Cyphoma,Extra Wide Plank ,European Oak,Superprime,2Ply Engineered,Tongue & Grooved & Ends Matched,Brushed,"Double Fumed, Burnished Hardwax Oil Matt",Micro Bevel,FSC® 100%
SUPERFINE,NAUTI029,Delphis Extra Wide Plank,Delphis,Extra Wide Plank ,European Oak,Superprime,2Ply Engineered,Tongue & Grooved & Ends Matched,Brushed,Naked Skin Lacquer Matt,Micro Bevel, FSC® Mix Credit
SUPERFINE,NAUTI029.15m-22,Delphis Extra Wide Plank,Delphis,Extra Wide Plank ,European Oak,Superprime,2Ply Engineered,Tongue & Grooved & Ends Matched,Brushed,Naked Skin Lacquer Matt,Micro Bevel,FSC® 100%
SUPERFINE,NAUTI029.15m-26,Delphis Extra Wide Plank,Delphis,Extra Wide Plank ,European Oak,Superprime,2Ply Engineered,Tongue & Grooved & Ends Matched,Brushed,Naked Skin Lacquer Matt,Micro Bevel,FSC® 100%
SUPERFINE,NAUTI012,Distorsio Extra Wide Plank,Distorsio,Extra Wide Plank ,European Oak,Superprime,2Ply Engineered,Tongue & Grooved & Ends Matched,Brushed,Burnished Hardwax Oil Matt,Micro Bevel, FSC® Mix Credit
SUPERFINE,NAUTI012.15m-22,Distorsio Extra Wide Plank,Distorsio,Extra Wide Plank ,European Oak,Superprime,2Ply Engineered,Tongue & Grooved & Ends Matched,Brushed,Burnished Hardwax Oil Matt,Micro Bevel,FSC® 100%
SUPERFINE,NAUTI012.15m-26,Distorsio Extra Wide Plank,Distorsio,Extra Wide Plank ,European Oak,Superprime,2Ply Engineered,Tongue & Grooved & Ends Matched,Brushed,Burnished Hardwax Oil Matt,Micro Bevel,FSC® 100%
SUPERFINE,NAUTI017,Japelion Extra Wide Plank,Japelion,Extra Wide Plank ,European Oak,Superprime,2Ply Engineered,Tongue & Grooved & Ends Matched,Brushed,"Double Fumed, Burnished Hardwax Oil Satin",Micro Bevel,FSC® 100%
SUPERFINE,NAUTI019,Jopas Extra Wide Plank,Jopas,Extra Wide Plank ,European Oak,Superprime,2Ply Engineered,Tongue & Grooved & Ends Matched,Brushed,"Double Fumed, Burnished Hardwax Oil Matt",Micro Bevel,FSC® 100%
SUPERFINE,NAUTI014,Lyria Extra Wide Plank,Lyria,Extra Wide Plank ,European Oak,Superprime,2Ply Engineered,Tongue & Grooved & Ends Matched,Brushed,Burnished Hardwax Oil Matt,Micro Bevel, FSC® Mix Credit
SUPERFINE,NAUTI014.15m-22,Lyria Extra Wide Plank,Lyria,Extra Wide Plank ,European Oak,Superprime,2Ply Engineered,Tongue & Grooved & Ends Matched,Brushed,Burnished Hardwax Oil Matt,Micro Bevel,FSC® 100%
SUPERFINE,NAUTI014.15m-26,Lyria Extra Wide Plank,Lyria,Extra Wide Plank ,European Oak,Superprime,2Ply Engineered,Tongue & Grooved & Ends Matched,Brushed,Burnished Hardwax Oil Matt,Micro Bevel,FSC® 100%
SUPERFINE,NAUTI001,Melo Extra Wide Plank,Melo,Extra Wide Plank ,European Oak,Superprime,2Ply Engineered,Tongue & Grooved & Ends Matched,Brushed,Burnished Hardwax Oil Matt,Micro Bevel, FSC® Mix Credit
SUPERFINE,NAUTI001.15m-22,Melo Extra Wide Plank,Melo,Extra Wide Plank ,European Oak,Superprime,2Ply Engineered,Tongue & Grooved & Ends Matched,Brushed,Burnished Hardwax Oil Matt,Micro Bevel,FSC® 100%
SUPERFINE,NAUTI001.15m-26,Melo Extra Wide Plank,Melo,Extra Wide Plank ,European Oak,Superprime,2Ply Engineered,Tongue & Grooved & Ends Matched,Brushed,Burnished Hardwax Oil Matt,Micro Bevel,FSC® 100%
SUPERFINE,NAUTI021,Natica Extra Wide Plank,Natica,Extra Wide Plank ,European Oak,Superprime,2Ply Engineered,Tongue & Grooved & Ends Matched,Brushed,Burnished Hardwax Oil Matt,Micro Bevel, FSC® Mix Credit
SUPERFINE,NAUTI021.15m-22,Natica Extra Wide Plank,Natica,Extra Wide Plank ,European Oak,Superprime,2Ply Engineered,Tongue & Grooved & Ends Matched,Brushed,Burnished Hardwax Oil Matt,Micro Bevel,FSC® 100%
SUPERFINE,NAUTI021.15m-26,Natica Extra Wide Plank,Natica,Extra Wide Plank ,European Oak,Superprime,2Ply Engineered,Tongue & Grooved & Ends Matched,Brushed,Burnished Hardwax Oil Matt,Micro Bevel,FSC® 100%
SUPERFINE,NAUTI028,Nerite Extra Wide Plank,Nerite,Extra Wide Plank ,European Oak,Superprime,2Ply Engineered,Tongue & Grooved & Ends Matched,Brushed,"Double Fumed, Naked Skin Lacquer Satin",Micro Bevel,FSC® 100%
SUPERFINE,NAUTI022,Opihi Extra Wide Plank,Opihi,Extra Wide Plank ,European Oak,Superprime,2Ply Engineered,Tongue & Grooved & Ends Matched,Brushed,"Double Fumed, Burnished Hardwax Oil Matt",Micro Bevel,FSC® 100%
SUPERFINE,NAUTI030,Praya Extra Wide Plank,Praya,Extra Wide Plank ,European Oak,Superprime,2Ply Engineered,Tongue & Grooved & Ends Matched,Brushed,Naked Skin Lacquer Matt,Micro Bevel, FSC® Mix Credit
SUPERFINE,NAUTI030.15m-22,Praya Extra Wide Plank,Praya,Extra Wide Plank ,European Oak,Superprime,2Ply Engineered,Tongue & Grooved & Ends Matched,Brushed,Naked Skin Lacquer Matt,Micro Bevel,FSC® 100%
SUPERFINE,NAUTI030.15m-26,Praya Extra Wide Plank,Praya,Extra Wide Plank ,European Oak,Superprime,2Ply Engineered,Tongue & Grooved & Ends Matched,Brushed,Naked Skin Lacquer Matt,Micro Bevel,FSC® 100%
SUPERFINE,NAUTI016,Purpura Extra Wide Plank,Purpura,Extra Wide Plank ,European Oak,Superprime,2Ply Engineered,Tongue & Grooved & Ends Matched,Brushed,"Double Fumed, Burnished Hardwax Oil Matt",Micro Bevel,FSC® 100%
SUPERFINE,NAUTI008,Pyram Extra Wide Plank,Pyram,Extra Wide Plank ,European Oak,Superprime,2Ply Engineered,Tongue & Grooved & Ends Matched,Brushed,Burnished Hardwax Oil Matt,Micro Bevel, FSC® Mix Credit
SUPERFINE,NAUTI008.15m-22,Pyram Extra Wide Plank,Pyram,Extra Wide Plank ,European Oak,Superprime,2Ply Engineered,Tongue & Grooved & Ends Matched,Brushed,Burnished Hardwax Oil Matt,Micro Bevel,FSC® 100%
SUPERFINE,NAUTI008.15m-26,Pyram Extra Wide Plank,Pyram,Extra Wide Plank ,European Oak,Superprime,2Ply Engineered,Tongue & Grooved & Ends Matched,Brushed,Burnished Hardwax Oil Matt,Micro Bevel,FSC® 100%
SUPERFINE,NAUTI004,Risso Extra Wide Plank,Risso,Extra Wide Plank ,European Oak,Superprime,2Ply Engineered,Tongue & Grooved & Ends Matched,Brushed,Burnished Hardwax Oil Matt,Micro Bevel, FSC® Mix Credit
SUPERFINE,NAUTI004.15m-22,Risso Extra Wide Plank,Risso,Extra Wide Plank ,European Oak,Superprime,2Ply Engineered,Tongue & Grooved & Ends Matched,Brushed,Burnished Hardwax Oil Matt,Micro Bevel,FSC® 100%
SUPERFINE,NAUTI004.15m-26,Risso Extra Wide Plank,Risso,Extra Wide Plank ,European Oak,Superprime,2Ply Engineered,Tongue & Grooved & Ends Matched,Brushed,Burnished Hardwax Oil Matt,Micro Bevel,FSC® 100%
SUPERFINE,NAUTI005,Simnia Extra Wide Plank,Simnia,Extra Wide Plank ,European Oak,Superprime,2Ply Engineered,Tongue & Grooved & Ends Matched,Brushed,Burnished Hardwax Oil Matt,Micro Bevel, FSC® Mix Credit
SUPERFINE,NAUTI005.15m-22,Simnia Extra Wide Plank,Simnia,Extra Wide Plank ,European Oak,Superprime,2Ply Engineered,Tongue & Grooved & Ends Matched,Brushed,Burnished Hardwax Oil Matt,Micro Bevel,FSC® 100%
SUPERFINE,NAUTI005.15m-26,Simnia Extra Wide Plank,Simnia,Extra Wide Plank ,European Oak,Superprime,2Ply Engineered,Tongue & Grooved & Ends Matched,Brushed,Burnished Hardwax Oil Matt,Micro Bevel,FSC® 100%
SUPERFINE,NAUTI006,Solarelle Extra Wide Plank,Solarelle,Extra Wide Plank ,European Oak,Superprime,2Ply Engineered,Tongue & Grooved & Ends Matched,Brushed,Burnished Hardwax Oil Super Matt,Micro Bevel, FSC® Mix Credit
SUPERFINE,NAUTI006.15m-22,Solarelle Extra Wide Plank,Solarelle,Extra Wide Plank ,European Oak,Superprime,2Ply Engineered,Tongue & Grooved & Ends Matched,Brushed,Burnished Hardwax Oil Super Matt,Micro Bevel,FSC® 100%
SUPERFINE,NAUTI006.15m-26,Solarelle Extra Wide Plank,Solarelle,Extra Wide Plank ,European Oak,Superprime,2Ply Engineered,Tongue & Grooved & Ends Matched,Brushed,Burnished Hardwax Oil Super Matt,Micro Bevel,FSC® 100%
SUPERFINE,NAUTI007,Triton Extra Wide Plank,Triton,Extra Wide Plank ,European Oak,Superprime,2Ply Engineered,Tongue & Grooved & Ends Matched,Brushed,Burnished Hardwax Oil Matt,Micro Bevel, FSC® Mix Credit
SUPERFINE,NAUTI007.15m-22,Triton Extra Wide Plank,Triton,Extra Wide Plank ,European Oak,Superprime,2Ply Engineered,Tongue & Grooved & Ends Matched,Brushed,Burnished Hardwax Oil Matt,Micro Bevel,FSC® 100%
SUPERFINE,NAUTI007.15m-26,Triton Extra Wide Plank,Triton,Extra Wide Plank ,European Oak,Superprime,2Ply Engineered,Tongue & Grooved & Ends Matched,Brushed,Burnished Hardwax Oil Matt,Micro Bevel,FSC® 100%
SUPERFINE,NAUTI010,Tugalia Extra Wide Plank,Tugalia,Extra Wide Plank ,European Oak,Superprime,2Ply Engineered,Tongue & Grooved & Ends Matched,Brushed,Burnished Hardwax Oil Matt,Micro Bevel, FSC® Mix Credit
SUPERFINE,NAUTI010.15m-22,Tugalia Extra Wide Plank,Tugalia,Extra Wide Plank ,European Oak,Superprime,2Ply Engineered,Tongue & Grooved & Ends Matched,Brushed,Burnished Hardwax Oil Matt,Micro Bevel,FSC® 100%
SUPERFINE,NAUTI010.15m-26,Tugalia Extra Wide Plank,Tugalia,Extra Wide Plank ,European Oak,Superprime,2Ply Engineered,Tongue & Grooved & Ends Matched,Brushed,Burnished Hardwax Oil Matt,Micro Bevel,FSC® 100%
SUPERFINE,NAUTI002,Velutina Extra Wide Plank,Velutina,Extra Wide Plank ,European Oak,Superprime,2Ply Engineered,Tongue & Grooved & Ends Matched,Brushed,Burnished Hardwax Oil Matt,Micro Bevel, FSC® Mix Credit
SUPERFINE,NAUTI002.15m-22,Velutina Extra Wide Plank,Velutina,Extra Wide Plank ,European Oak,Superprime,2Ply Engineered,Tongue & Grooved & Ends Matched,Brushed,Burnished Hardwax Oil Matt,Micro Bevel,FSC® 100%
SUPERFINE,NAUTI002.15m-26,Velutina Extra Wide Plank,Velutina,Extra Wide Plank ,European Oak,Superprime,2Ply Engineered,Tongue & Grooved & Ends Matched,Brushed,Burnished Hardwax Oil Matt,Micro Bevel,FSC® 100%
SUPERFINE,NAUTI011,Volute Extra Wide Plank,Volute,Extra Wide Plank ,European Oak,Superprime,2Ply Engineered,Tongue & Grooved & Ends Matched,Brushed,Burnished Hardwax Oil Matt,Micro Bevel, FSC® Mix Credit
SUPERFINE,NAUTI011.15m-22,Volute Extra Wide Plank,Volute,Extra Wide Plank ,European Oak,Superprime,2Ply Engineered,Tongue & Grooved & Ends Matched,Brushed,Burnished Hardwax Oil Matt,Micro Bevel,FSC® 100%
SUPERFINE,NAUTI011.15m-26,Volute Extra Wide Plank,Volute,Extra Wide Plank ,European Oak,Superprime,2Ply Engineered,Tongue & Grooved & Ends Matched,Brushed,Burnished Hardwax Oil Matt,Micro Bevel,FSC® 100%
SUPERWIDE,RESBL01,Ebony Oversize Herringbone,Ebony,Oversize Herringbone  ,European Oak,Nature ,2Ply Engineered,Grooved 3 Sides,Brushed,Burnished Hardwax Oil Satin,Micro Bevel, FSC® Mix Credit
SUPERWIDE,RES101,Ebony Super Wide Plank ,Ebony,Super Wide Plank,European Oak,Nature,2Ply Engineered,Tongue & Grooved & Ends Matched,Brushed,Burnished Hardwax Oil Satin,Micro Bevel,100% PEFC Certified
SUPERWIDE,RESBL07,Ecru Oversize Herringbone,Ecru,Oversize Herringbone  ,European Oak,Nature ,2Ply Engineered,Grooved 3 Sides,Brushed,Burnished Hardwax Oil Matt,Micro Bevel, FSC® Mix Credit
SUPERWIDE,RES107,Ecru Super Wide Plank ,Ecru,Super Wide Plank,European Oak,Nature,2Ply Engineered,Tongue & Grooved & Ends Matched,Brushed,Burnished Hardwax Oil Matt,Micro Bevel,100% PEFC Certified
SUPERWIDE,RES009.26,Egret Extra Wide Plank,Egret,Extra Wide Plank ,Douglas Fir,Nature ,2Ply Engineered,Tongue & Grooved & Ends Matched,Brushed,Naked Skin Lacquer Super Matt,Micro Bevel, UKTR Compliant
SUPERWIDE,RES009,Egret Super Wide Plank,Egret,Super Wide Plank ,Douglas Fir,Nature ,2Ply Engineered,Tongue & Grooved & Ends Matched,Brushed,Naked Skin Lacquer Super Matt,Micro Bevel, UKTR Compliant
SUPERWIDE,RES012.26,Ibis Extra Wide Plank,Ibis,Extra Wide Plank ,Douglas Fir,Nature,2Ply Engineered,Tongue & Grooved & Ends Matched,Brushed,Naked Skin Lacquer Super Matt,Micro Bevel, UKTR Compliant
SUPERWIDE,RESBL02,Linen Oversize Herringbone,Linen,Oversize Herringbone  ,European Oak,Nature ,2Ply Engineered,Grooved 3 Sides,Brushed,Burnished Hardwax Oil Matt,Micro Bevel, FSC® Mix Credit
SUPERWIDE,RES102,Linen Super Wide Plank ,Linen,Super Wide Plank,European Oak,Nature,2Ply Engineered,Tongue & Grooved & Ends Matched,Brushed,Burnished Hardwax Oil Matt,Micro Bevel,100% PEFC Certified
SUPERWIDE,RES010.26,Nimbus Extra Wide Plank,Nimbus,Extra Wide Plank ,American Black Walnut,Select,2Ply Engineered,Tongue & Grooved & Ends Matched,Smooth,Naked Skin Lacquer Super Matt,Micro Bevel, UKTR Compliant
SUPERWIDE,RES010,Nimbus Super Wide Plank,Nimbus,Super Wide Plank,American Black Walnut,Select,2Ply Engineered,Tongue & Grooved & Ends Matched,Smooth,Naked Skin Lacquer Super Matt,Micro Bevel, UKTR Compliant
SUPERWIDE,RESBL03,Pewter Oversize Herringbone,Pewter,Oversize Herringbone  ,European Oak,Nature ,2Ply Engineered,Grooved 3 Sides,Brushed,Burnished Hardwax Oil Satin,Micro Bevel, FSC® Mix Credit
SUPERWIDE,RES103,Pewter Super Wide Plank ,Pewter,Super Wide Plank,European Oak,Nature,2Ply Engineered,Tongue & Grooved & Ends Matched,Brushed,Burnished Hardwax Oil Satin,Micro Bevel,100% PEFC Certified
SUPERWIDE,RESBL05,Sable Oversize Herringbone,Sable,Oversize Herringbone  ,European Oak,Nature ,2Ply Engineered,Grooved 3 Sides,Brushed,"Double Fumed, Naked Skin Lacquer Satin",Micro Bevel, FSC® Mix Credit
SUPERWIDE,RES105,Sable Super Wide Plank ,Sable,Super Wide Plank,European Oak,Nature,2Ply Engineered,Tongue & Grooved & Ends Matched,Brushed,"Double Fumed, Naked Skin Lacquer Satin",Micro Bevel,FSC® 100%
SUPERWIDE,RESBL06,Sand Oversize Herringbone,Sand,Oversize Herringbone  ,European Oak,Nature ,2Ply Engineered,Grooved 3 Sides,Brushed,Naked Skin Lacquer Super Matt,Micro Bevel, FSC® Mix Credit
SUPERWIDE,RES106,Sand Super Wide Plank ,Sand,Super Wide Plank,European Oak,Nature,2Ply Engineered,Tongue & Grooved & Ends Matched,Brushed,Naked Skin Lacquer Super Matt,Micro Bevel,100% PEFC Certified
SUPERWIDE,RES011,Stratus Super Wide Plank,Stratus,Super Wide Plank ,American Black Walnut,Select,2Ply Engineered,Tongue & Grooved & Ends Matched,Smooth,Naked Skin Lacquer Super Matt,Micro Bevel, UKTR Compliant
SUPERWIDE,RESBL04,Truffle Oversize Herringbone,Truffle,Oversize Herringbone  ,European Oak,Nature ,2Ply Engineered,Grooved 3 Sides,Brushed,Burnished Hardwax Oil Satin,Micro Bevel, FSC® Mix Credit
SUPERWIDE,RES104,Truffle Super Wide Plank ,Truffle,Super Wide Plank,European Oak,Nature,2Ply Engineered,Tongue & Grooved & Ends Matched,Brushed,Burnished Hardwax Oil Satin,Micro Bevel,100% PEFC Certified
SUPERWIDE,RES001,Ebony Super Wide Plank (Select),Ebony,Super Wide Plank,European Oak,Select,2Ply Engineered,Tongue & Grooved & Ends Matched,Brushed,Burnished Hardwax Oil Satin,Micro Bevel, FSC® Mix Credit
SUPERWIDE,RES002,Linen Super Wide Plank (Select),Linen,Super Wide Plank,European Oak,Select,2Ply Engineered,Tongue & Grooved & Ends Matched,Brushed,Burnished Hardwax Oil Matt,Micro Bevel, FSC® Mix Credit
SUPERWIDE,RES003,Pewter Super Wide Plank (Select),Pewter,Super Wide Plank,European Oak,Select,2Ply Engineered,Tongue & Grooved & Ends Matched,Brushed,Burnished Hardwax Oil Satin,Micro Bevel, FSC® Mix Credit
SUPERWIDE,RES004,Truffle Super Wide Plank (Select),Truffle,Super Wide Plank,European Oak,Select,2Ply Engineered,Tongue & Grooved & Ends Matched,Brushed,Burnished Hardwax Oil Satin,Micro Bevel, FSC® Mix Credit
SUPERWIDE,RES005,Sable Super Wide Plank (Select),Sable,Super Wide Plank,European Oak,Select,2Ply Engineered,Tongue & Grooved & Ends Matched,Brushed,Naked Skin Lacquer Satin,Micro Bevel, FSC® Mix Credit
SUPERWIDE,RES006,Sand Super Wide Plank (Select),Sand,Super Wide Plank,European Oak,Select,2Ply Engineered,Tongue & Grooved & Ends Matched,Brushed,Naked Skin Lacquer Super Matt,Micro Bevel, FSC® Mix Credit
SUPERWIDE,RES007,Ecru Super Wide Plank (Select),Ecru,Super Wide Plank,European Oak,Select,2Ply Engineered,Tongue & Grooved & Ends Matched,Brushed,Burnished Hardwax Oil Matt,Micro Bevel, FSC® Mix Credit
URBAN,URB080,Brooklyn Chevron,Brooklyn,Chevron   ,European Oak,Nature,2Ply Engineered,Tongue & Grooved & Ends Matched,Worn Skip Sawn ,Naked Skin Lacquer Super Matt,Hand Rolled Edges, FSC® Mix Credit
URBAN,URB078,Brooklyn Extra Wide Plank,Brooklyn,Extra Wide Plank ,European Oak,Nature,2Ply Engineered,Tongue & Grooved & Ends Matched,Worn Skip Sawn ,Naked Skin Lacquer Super Matt,Hand Rolled Edges,FSC® 100%
URBAN,URB079,Brooklyn Herringbone,Brooklyn,Herringbone  ,European Oak,Nature,2Ply Engineered,Grooved 3 Sides,Worn Skip Sawn ,Naked Skin Lacquer Super Matt,Hand Rolled Edges,FSC® 100%
URBAN,URB076,Brooklyn Narrow Plank,Brooklyn,Narrow Plank  ,European Oak,Nature,2Ply Engineered,Tongue & Grooved & Ends Matched,Worn Skip Sawn ,Naked Skin Lacquer Super Matt,Hand Rolled Edges,FSC® 100%
URBAN,URB077,Brooklyn Plank,Brooklyn,Plank   ,European Oak,Nature,2Ply Engineered,Tongue & Grooved & Ends Matched,Worn Skip Sawn ,Naked Skin Lacquer Super Matt,Hand Rolled Edges,FSC® 100%
URBAN,URB085,Dalston Chevron,Dalston,Chevron   ,European Oak,Nature,2Ply Engineered,Tongue & Grooved & Ends Matched,Worn Skip Sawn ,Naked Skin Lacquer Super Matt,Hand Rolled Edges, FSC® Mix Credit
URBAN,URB083,Dalston Extra Wide Plank,Dalston,Extra Wide Plank ,European Oak,Nature,2Ply Engineered,Tongue & Grooved & Ends Matched,Worn Skip Sawn ,Naked Skin Lacquer Super Matt,Hand Rolled Edges,FSC® 100%
URBAN,URB084,Dalston Herringbone,Dalston,Herringbone  ,European Oak,Nature,2Ply Engineered,Grooved 3 Sides,Worn Skip Sawn ,Naked Skin Lacquer Super Matt,Hand Rolled Edges,FSC® 100%
URBAN,URB081,Dalston Narrow Plank,Dalston,Narrow Plank  ,European Oak,Nature,2Ply Engineered,Tongue & Grooved & Ends Matched,Worn Skip Sawn ,Naked Skin Lacquer Super Matt,Hand Rolled Edges,FSC® 100%
URBAN,URB082,Dalston Plank,Dalston,Plank   ,European Oak,Nature,2Ply Engineered,Tongue & Grooved & Ends Matched,Worn Skip Sawn ,Naked Skin Lacquer Super Matt,Hand Rolled Edges,FSC® 100%
URBAN,URB100,Gaslamp Chevron,Gaslamp,Chevron   ,European Oak,Nature,2Ply Engineered,Tongue & Grooved & Ends Matched,Worn Skip Sawn ,Naked Skin Lacquer Satin,Hand Rolled Edges, FSC® Mix Credit
URBAN,URB098,Gaslamp Extra Wide Plank,Gaslamp,Extra Wide Plank ,European Oak,Nature,2Ply Engineered,Tongue & Grooved & Ends Matched,Worn Skip Sawn ,Naked Skin Lacquer Satin,Hand Rolled Edges,FSC® 100%
URBAN,URB099,Gaslamp Herringbone,Gaslamp,Herringbone  ,European Oak,Nature,2Ply Engineered,Grooved 3 Sides,Worn Skip Sawn ,Naked Skin Lacquer Satin,Hand Rolled Edges,FSC® 100%
URBAN,URB096,Gaslamp Narrow Plank,Gaslamp,Narrow Plank  ,European Oak,Nature,2Ply Engineered,Tongue & Grooved & Ends Matched,Worn Skip Sawn ,Naked Skin Lacquer Satin,Hand Rolled Edges,FSC® 100%
URBAN,URB097,Gaslamp Plank,Gaslamp,Plank   ,European Oak,Nature,2Ply Engineered,Tongue & Grooved & Ends Matched,Worn Skip Sawn ,Naked Skin Lacquer Satin,Hand Rolled Edges,FSC® 100%
URBAN,URB095,Hoxton Chevron,Hoxton,Chevron   ,European Oak,Nature,2Ply Engineered,Tongue & Grooved & Ends Matched,Worn Skip Sawn ,Naked Skin Lacquer Super Matt,Hand Rolled Edges, FSC® Mix Credit
URBAN,URB093,Hoxton Extra Wide Plank,Hoxton,Extra Wide Plank ,European Oak,Nature,2Ply Engineered,Tongue & Grooved & Ends Matched,Worn Skip Sawn ,Naked Skin Lacquer Super Matt,Hand Rolled Edges,FSC® 100%
URBAN,URB094,Hoxton Herringbone,Hoxton,Herringbone  ,European Oak,Nature,2Ply Engineered,Grooved 3 Sides,Worn Skip Sawn ,Naked Skin Lacquer Super Matt,Hand Rolled Edges,FSC® 100%
URBAN,URB091,Hoxton Narrow Plank,Hoxton,Narrow Plank  ,European Oak,Nature,2Ply Engineered,Tongue & Grooved & Ends Matched,Worn Skip Sawn ,Naked Skin Lacquer Super Matt,Hand Rolled Edges,FSC® 100%
URBAN,URB092,Hoxton Plank,Hoxton,Plank   ,European Oak,Nature,2Ply Engineered,Tongue & Grooved & Ends Matched,Worn Skip Sawn ,Naked Skin Lacquer Super Matt,Hand Rolled Edges,FSC® 100%
URBAN,URB090,Kentish Chevron,Kentish,Chevron   ,European Oak,Nature,2Ply Engineered,Tongue & Grooved & Ends Matched,Worn Skip Sawn ,Naked Skin Lacquer Super Matt,Hand Rolled Edges, FSC® Mix Credit
URBAN,URB088,Kentish Extra Wide Plank,Kentish,Extra Wide Plank ,European Oak,Nature,2Ply Engineered,Tongue & Grooved & Ends Matched,Worn Skip Sawn ,Naked Skin Lacquer Super Matt,Hand Rolled Edges,FSC® 100%
URBAN,URB089,Kentish Herringbone,Kentish,Herringbone  ,European Oak,Nature,2Ply Engineered,Grooved 3 Sides,Worn Skip Sawn ,Naked Skin Lacquer Super Matt,Hand Rolled Edges,FSC® 100%
URBAN,URB086,Kentish Narrow Plank,Kentish,Narrow Plank  ,European Oak,Nature,2Ply Engineered,Tongue & Grooved & Ends Matched,Worn Skip Sawn ,Naked Skin Lacquer Super Matt,Hand Rolled Edges,FSC® 100%
URBAN,URB087,Kentish Plank,Kentish,Plank   ,European Oak,Nature,2Ply Engineered,Tongue & Grooved & Ends Matched,Worn Skip Sawn ,Naked Skin Lacquer Super Matt,Hand Rolled Edges,FSC® 100%
URBAN,URB075,Manhattan Chevron,Manhattan,Chevron   ,European Oak,Nature,2Ply Engineered,Tongue & Grooved & Ends Matched,Worn Skip Sawn ,Naked Skin Lacquer Super Matt,Hand Rolled Edges, FSC® Mix Credit
URBAN,URB073,Manhattan Extra Wide Plank,Manhattan,Extra Wide Plank ,European Oak,Nature,2Ply Engineered,Tongue & Grooved & Ends Matched,Worn Skip Sawn ,Naked Skin Lacquer Super Matt,Hand Rolled Edges,FSC® 100%
URBAN,URB074,Manhattan Herringbone,Manhattan,Herringbone  ,European Oak,Nature,2Ply Engineered,Grooved 3 Sides,Worn Skip Sawn ,Naked Skin Lacquer Super Matt,Hand Rolled Edges,FSC® 100%
URBAN,URB071,Manhattan Narrow Plank,Manhattan,Narrow Plank  ,European Oak,Nature,2Ply Engineered,Tongue & Grooved & Ends Matched,Worn Skip Sawn ,Naked Skin Lacquer Super Matt,Hand Rolled Edges,FSC® 100%